1,30725,30725,30941,0,1,0
1,30726,30726,30942,0,1,0
1,30727,30727,30943,0,1,0
1,30728,30728,30944,0,1,0
1,30729,30729,30945,0,1,0
1,30730,30730,30946,0,1,0
1,30731,30731,30947,0,1,0
1,30732,30732,30948,0,1,0
1,30733,30733,30949,0,1,0
1,30734,30734,30950,0,1,0
1,30735,30735,30951,0,1,0
1,30736,30736,30952,0,1,0
1,30737,30737,30953,0,1,0
1,30738,30738,30954,0,1,0
1,30739,30739,30955,0,1,0
1,30740,30740,30956,0,1,0
1,30741,30741,30957,0,1,0
1,30742,30742,30958,0,1,0
1,30743,30743,30959,0,1,0
1,30744,30744,30960,0,1,0
1,30745,30745,30961,0,1,0
1,30746,30746,30962,0,1,0
1,30747,30747,30963,0,1,0
1,30748,30748,30964,0,1,0
1,30749,30749,30965,0,1,0
1,30750,30750,30966,0,1,0
1,30751,30751,30967,0,1,0
1,30752,30752,30968,0,1,0
1,30753,30753,30969,0,1,0
1,30754,30754,30970,0,1,0
1,30755,30755,30971,0,1,0
1,30756,30756,30972,0,1,0
1,30757,30757,30973,0,1,0
1,30758,30758,30974,0,1,0
1,30759,30759,30975,0,1,0
1,30760,30760,30976,0,1,0
1,30761,30761,30977,0,1,0
1,30762,30762,30978,0,1,0
1,30763,30763,30979,0,1,0
1,30764,30764,30980,0,1,0
1,30765,30765,30981,0,1,0
1,30766,30766,30982,0,1,0
1,30767,30767,30983,0,1,0
1,30768,30768,30984,0,1,0
1,30769,30769,30985,0,1,0
1,30770,30770,30986,0,1,0
1,30771,30771,30987,0,1,0
1,30772,30772,30988,0,1,0
1,30773,30773,30989,0,1,0
1,30774,30774,30990,0,1,0
1,30775,30775,30991,0,1,0
1,30776,30776,30992,0,1,0
1,30777,30777,30993,0,1,0
1,30778,30778,30994,0,1,0
1,30779,30779,30995,0,1,0
1,30780,30780,30996,0,1,0
1,30781,30781,30997,0,1,0
1,30782,30782,30998,0,1,0
1,30783,30783,30999,0,1,0
1,30784,30784,31000,0,1,0
1,30785,30785,31001,0,1,0
1,30786,30786,31002,0,1,0
1,30787,30787,31003,0,1,0
1,30788,30788,31004,0,1,0
1,30789,30789,31005,0,1,0
1,30790,30790,31006,0,1,0
1,30791,30791,31007,0,1,0
1,30792,30792,31008,0,1,0
1,30793,30793,31009,0,1,0
1,30794,30794,31010,0,1,0
1,30795,30795,31011,0,1,0
1,30796,30796,31012,0,1,0
1,30797,30797,31013,0,1,0
1,30798,30798,31014,0,1,0
1,30799,30799,31015,0,1,0
1,30800,30800,31016,0,1,0
1,30801,30801,31017,0,1,0
1,30802,30802,31018,0,1,0
1,30803,30803,31019,0,1,0
1,30804,30804,31020,0,1,0
1,30805,30805,31021,0,1,0
1,30806,30806,31022,0,1,0
1,30807,30807,31023,0,1,0
1,30808,30808,31024,0,1,0
1,30809,30809,31025,0,1,0
1,30810,30810,31026,0,1,0
1,30811,30811,31027,0,1,0
1,30812,30812,31028,0,1,0
1,30813,30813,31029,0,1,0
1,30814,30814,31030,0,1,0
1,30815,30815,31031,0,1,0
1,30816,30816,31032,0,1,0
1,30817,30817,31033,0,1,0
1,30818,30818,31034,0,1,0
1,30819,30819,31035,0,1,0
1,30820,30820,31036,0,1,0
1,30821,30821,31037,0,1,0
1,30822,30822,31038,0,1,0
1,30823,30823,31039,0,1,0
1,30824,30824,31040,0,1,0
1,30825,30825,31041,0,1,0
1,30826,30826,31042,0,1,0
1,30827,30827,31043,0,1,0
1,30828,30828,31044,0,1,0
1,30829,30829,31045,0,1,0
1,30830,30830,31046,0,1,0
1,30831,30831,31047,0,1,0
1,30832,30832,31048,0,1,0
1,30833,30833,31049,0,1,0
1,30834,30834,31050,0,1,0
1,30835,30835,31051,0,1,0
1,30836,30836,31052,0,1,0
1,30837,30837,31053,0,1,0
1,30838,30838,31054,0,1,0
1,30839,30839,31055,0,1,0
1,30840,30840,31056,0,1,0
1,30841,30841,31057,0,1,0
1,30842,30842,31058,0,1,0
1,30843,30843,31059,0,1,0
1,30844,30844,31060,0,1,0
1,30845,30845,31061,0,1,0
1,30846,30846,31062,0,1,0
1,30847,30847,31063,0,1,0
1,30848,30848,31064,0,1,0
1,30849,30849,31065,0,1,0
1,30850,30850,31066,0,1,0
1,30851,30851,31067,0,1,0
1,30852,30852,31068,0,1,0
1,30853,30853,31069,0,1,0
1,30854,30854,31070,0,1,0
1,30855,30855,31071,0,1,0
1,30856,30856,31072,0,1,0
1,30857,30857,31073,0,1,0
1,30858,30858,31074,0,1,0
1,30859,30859,31075,0,1,0
1,30860,30860,31076,0,1,0
1,30861,30861,31077,0,1,0
1,30862,30862,31078,0,1,0
1,30863,30863,31079,0,1,0
1,30864,30864,31080,0,1,0
1,30865,30865,31081,0,1,0
1,30866,30866,31082,0,1,0
1,30867,30867,31083,0,1,0
1,30868,30868,31084,0,1,0
1,30869,30869,31085,0,1,0
1,30870,30870,31086,0,1,0
1,30871,30871,31087,0,1,0
1,30872,30872,31088,0,1,0
1,30873,30873,31089,0,1,0
1,30874,30874,31090,0,1,0
1,30875,30875,31091,0,1,0
1,30876,30876,31092,0,1,0
1,30877,30877,31093,0,1,0
1,30878,30878,31094,0,1,0
1,30879,30879,31095,0,1,0
1,30880,30880,31096,0,1,0
1,30881,30881,31097,0,1,0
1,30882,30882,31098,0,1,0
1,30883,30883,31099,0,1,0
1,30884,30884,31100,0,1,0
1,30885,30885,31101,0,1,0
1,30886,30886,31102,0,1,0
1,30887,30887,31103,0,1,0
1,30888,30888,31104,0,1,0
1,30889,30889,31105,0,1,0
1,30890,30890,31106,0,1,0
1,30891,30891,31107,0,1,0
1,30892,30892,31108,0,1,0
1,30893,30893,31109,0,1,0
1,30894,30894,31110,0,1,0
1,30895,30895,31111,0,1,0
1,30896,30896,31112,0,1,0
1,30897,30897,31113,0,1,0
1,30898,30898,31114,0,1,0
1,30899,30899,31115,0,1,0
1,30900,30900,31116,0,1,0
1,30901,30901,31117,0,1,0
1,30902,30902,31118,0,1,0
1,30903,30903,31119,0,1,0
1,30904,30904,31120,0,1,0
1,30905,30905,31121,0,1,0
1,30906,30906,31122,0,1,0
1,30907,30907,31123,0,1,0
1,30908,30908,31124,0,1,0
1,30909,30909,31125,0,1,0
1,30910,30910,31126,0,1,0
1,30911,30911,31127,0,1,0
1,30912,30912,31128,0,1,0
1,30913,30913,31129,0,1,0
1,30914,30914,31130,0,1,0
1,30915,30915,31131,0,1,0
1,30916,30916,31132,0,1,0
1,30917,30917,31133,0,1,0
1,30918,30918,31134,0,1,0
1,30919,30919,31135,0,1,0
1,30920,30920,31136,0,1,0
1,30921,30921,31137,0,1,0
1,30922,30922,31138,0,1,0
1,30923,30923,31139,0,1,0
1,30924,30924,31140,0,1,0
1,30925,30925,31141,0,1,0
1,30926,30926,31142,0,1,0
1,30927,30927,31143,0,1,0
1,30928,30928,31144,0,1,0
1,30929,30929,31145,0,1,0
1,30930,30930,31146,0,1,0
1,30931,30931,31147,0,1,0
1,30932,30932,31148,0,1,0
1,30933,30933,31149,0,1,0
1,30934,30934,31150,0,1,0
1,30935,30935,31151,0,1,0
1,30936,30936,31152,0,1,0
1,30937,30937,31153,0,1,0
1,30938,30938,31154,0,1,0
1,30939,30939,31155,0,1,0
1,30940,30940,31156,0,1,0
1,30941,30941,31157,0,1,0
1,30942,30942,31158,0,1,0
1,30943,30943,31159,0,1,0
1,30944,30944,31160,0,1,0
1,30945,30945,31161,0,1,0
1,30946,30946,31162,0,1,0
1,30947,30947,31163,0,1,0
1,30948,30948,31164,0,1,0
1,30949,30949,31165,0,1,0
1,30950,30950,31166,0,1,0
1,30951,30951,31167,0,1,0
1,30952,30952,31168,0,1,0
1,30953,30953,31169,0,1,0
1,30954,30954,31170,0,1,0
1,30955,30955,31171,0,1,0
1,30956,30956,31172,0,1,0
1,30957,30957,31173,0,1,0
1,30958,30958,31174,0,1,0
1,30959,30959,31175,0,1,0
1,30960,30960,31176,0,1,0
1,30961,30961,31177,0,1,0
1,30962,30962,31178,0,1,0
1,30963,30963,31179,0,1,0
1,30964,30964,31180,0,1,0
1,30965,30965,31181,0,1,0
1,30966,30966,31182,0,1,0
1,30967,30967,31183,0,1,0
1,30968,30968,31184,0,1,0
1,30969,30969,31185,0,1,0
1,30970,30970,31186,0,1,0
1,30971,30971,31187,0,1,0
1,30972,30972,31188,0,1,0
1,30973,30973,31189,0,1,0
1,30974,30974,31190,0,1,0
1,30975,30975,31191,0,1,0
1,30976,30976,31192,0,1,0
1,30977,30977,31193,0,1,0
1,30978,30978,31194,0,1,0
1,30979,30979,31195,0,1,0
1,30980,30980,31196,0,1,0
1,30981,30981,31197,0,1,0
1,30982,30982,31198,0,1,0
1,30983,30983,31199,0,1,0
1,30984,30984,31200,0,1,0
1,30985,30985,31201,0,1,0
1,30986,30986,31202,0,1,0
1,30987,30987,31203,0,1,0
1,30988,30988,31204,0,1,0
1,30989,30989,31205,0,1,0
1,30990,30990,31206,0,1,0
1,30991,30991,31207,0,1,0
1,30992,30992,31208,0,1,0
1,30993,30993,31209,0,1,0
1,30994,30994,31210,0,1,0
1,30995,30995,31211,0,1,0
1,30996,30996,31212,0,1,0
1,30997,30997,31213,0,1,0
1,30998,30998,31214,0,1,0
1,30999,30999,31215,0,1,0
1,31000,31000,31216,0,1,0
1,31001,31001,31217,0,1,0
1,31002,31002,31218,0,1,0
1,31003,31003,31219,0,1,0
1,31004,31004,31220,0,1,0
1,31005,31005,31221,0,1,0
1,31006,31006,31222,0,1,0
1,31007,31007,31223,0,1,0
1,31008,31008,31224,0,1,0
1,31009,31009,31225,0,1,0
1,31010,31010,31226,0,1,0
1,31011,31011,31227,0,1,0
1,31012,31012,31228,0,1,0
1,31013,31013,31229,0,1,0
1,31014,31014,31230,0,1,0
1,31015,31015,31231,0,1,0
1,31016,31016,31232,0,1,0
1,31017,31017,31233,0,1,0
1,31018,31018,31234,0,1,0
1,31019,31019,31235,0,1,0
1,31020,31020,31236,0,1,0
1,31021,31021,31237,0,1,0
1,31022,31022,31238,0,1,0
1,31023,31023,31239,0,1,0
1,31024,31024,31240,0,1,0
1,31025,31025,31241,0,1,0
1,31026,31026,31242,0,1,0
1,31027,31027,31243,0,1,0
1,31028,31028,31244,0,1,0
1,31029,31029,31245,0,1,0
1,31030,31030,31246,0,1,0
1,31031,31031,31247,0,1,0
1,31032,31032,31248,0,1,0
1,31033,31033,31249,0,1,0
1,31034,31034,31250,0,1,0
1,31035,31035,31251,0,1,0
1,31036,31036,31252,0,1,0
1,31037,31037,31253,0,1,0
1,31038,31038,31254,0,1,0
1,31039,31039,31255,0,1,0
1,31040,31040,31256,0,1,0
1,31041,31041,31257,0,1,0
1,31042,31042,31258,0,1,0
1,31043,31043,31259,0,1,0
1,31044,31044,31260,0,1,0
1,31045,31045,31261,0,1,0
1,31046,31046,31262,0,1,0
1,31047,31047,31263,0,1,0
1,31048,31048,31264,0,1,0
1,31049,31049,31265,0,1,0
1,31050,31050,31266,0,1,0
1,31051,31051,31267,0,1,0
1,31052,31052,31268,0,1,0
1,31053,31053,31269,0,1,0
1,31054,31054,31270,0,1,0
1,31055,31055,31271,0,1,0
1,31056,31056,31272,0,1,0
1,31057,31057,31273,0,1,0
1,31058,31058,31274,0,1,0
1,31059,31059,31275,0,1,0
1,31060,31060,31276,0,1,0
1,31061,31061,31277,0,1,0
1,31062,31062,31278,0,1,0
1,31063,31063,31279,0,1,0
1,31064,31064,31280,0,1,0
1,31065,31065,31281,0,1,0
1,31066,31066,31282,0,1,0
1,31067,31067,31283,0,1,0
1,31068,31068,31284,0,1,0
1,31069,31069,31285,0,1,0
1,31070,31070,31286,0,1,0
1,31071,31071,31287,0,1,0
1,31072,31072,31288,0,1,0
1,31073,31073,31289,0,1,0
1,31074,31074,31290,0,1,0
1,31075,31075,31291,0,1,0
1,31076,31076,31292,0,1,0
1,31077,31077,31293,0,1,0
1,31078,31078,31294,0,1,0
1,31079,31079,31295,0,1,0
1,31080,31080,31296,0,1,0
1,31081,31081,31297,0,1,0
1,31082,31082,31298,0,1,0
1,31083,31083,31299,0,1,0
1,31084,31084,31300,0,1,0
1,31085,31085,31301,0,1,0
1,31086,31086,31302,0,1,0
1,31087,31087,31303,0,1,0
1,31088,31088,31304,0,1,0
1,31089,31089,31305,0,1,0
1,31090,31090,31306,0,1,0
1,31091,31091,31307,0,1,0
1,31092,31092,31308,0,1,0
1,31093,31093,31309,0,1,0
1,31094,31094,31310,0,1,0
1,31095,31095,31311,0,1,0
1,31096,31096,31312,0,1,0
1,31097,31097,31313,0,1,0
1,31098,31098,31314,0,1,0
1,31099,31099,31315,0,1,0
1,31100,31100,31316,0,1,0
1,31101,31101,31317,0,1,0
1,31102,31102,31318,0,1,0
1,31103,31103,31319,0,1,0
1,31104,31104,31320,0,1,0
1,31105,31105,31321,0,1,0
1,31106,31106,31322,0,1,0
1,31107,31107,31323,0,1,0
1,31108,31108,31324,0,1,0
1,31109,31109,31325,0,1,0
1,31110,31110,31326,0,1,0
1,31111,31111,31327,0,1,0
1,31112,31112,31328,0,1,0
1,31113,31113,31329,0,1,0
1,31114,31114,31330,0,1,0
1,31115,31115,31331,0,1,0
1,31116,31116,31332,0,1,0
1,31117,31117,31333,0,1,0
1,31118,31118,31334,0,1,0
1,31119,31119,31335,0,1,0
1,31120,31120,31336,0,1,0
1,31121,31121,31337,0,1,0
1,31122,31122,31338,0,1,0
1,31123,31123,31339,0,1,0
1,31124,31124,31340,0,1,0
1,31125,31125,31341,0,1,0
1,31126,31126,31342,0,1,0
1,31127,31127,31343,0,1,0
1,31128,31128,31344,0,1,0
1,31129,31129,31345,0,1,0
1,31130,31130,31346,0,1,0
1,31131,31131,31347,0,1,0
1,31132,31132,31348,0,1,0
1,31133,31133,31349,0,1,0
1,31134,31134,31350,0,1,0
1,31135,31135,31351,0,1,0
1,31136,31136,31352,0,1,0
1,31137,31137,31353,0,1,0
1,31138,31138,31354,0,1,0
1,31139,31139,31355,0,1,0
1,31140,31140,31356,0,1,0
1,31141,31141,31357,0,1,0
1,31142,31142,31358,0,1,0
1,31143,31143,31359,0,1,0
1,31144,31144,31360,0,1,0
1,31145,31145,31361,0,1,0
1,31146,31146,31362,0,1,0
1,31147,31147,31363,0,1,0
1,31148,31148,31364,0,1,0
1,31149,31149,31365,0,1,0
1,31150,31150,31366,0,1,0
1,31151,31151,31367,0,1,0
1,31152,31152,31368,0,1,0
1,31153,31153,31369,0,1,0
1,31154,31154,31370,0,1,0
1,31155,31155,31371,0,1,0
1,31156,31156,31372,0,1,0
1,31157,31157,31373,0,1,0
1,31158,31158,31374,0,1,0
1,31159,31159,31375,0,1,0
1,31160,31160,31376,0,1,0
1,31161,31161,31377,0,1,0
1,31162,31162,31378,0,1,0
1,31163,31163,31379,0,1,0
1,31164,31164,31380,0,1,0
1,31165,31165,31381,0,1,0
1,31166,31166,31382,0,1,0
1,31167,31167,31383,0,1,0
1,31168,31168,31384,0,1,0
1,31169,31169,31385,0,1,0
1,31170,31170,31386,0,1,0
1,31171,31171,31387,0,1,0
1,31172,31172,31388,0,1,0
1,31173,31173,31389,0,1,0
1,31174,31174,31390,0,1,0
1,31175,31175,31391,0,1,0
1,31176,31176,31392,0,1,0
1,31177,31177,31393,0,1,0
1,31178,31178,31394,0,1,0
1,31179,31179,31395,0,1,0
1,31180,31180,31396,0,1,0
1,31181,31181,31397,0,1,0
1,31182,31182,31398,0,1,0
1,31183,31183,31399,0,1,0
1,31184,31184,31400,0,1,0
1,31185,31185,31401,0,1,0
1,31186,31186,31402,0,1,0
1,31187,31187,31403,0,1,0
1,31188,31188,31404,0,1,0
1,31189,31189,31405,0,1,0
1,31190,31190,31406,0,1,0
1,31191,31191,31407,0,1,0
1,31192,31192,31408,0,1,0
1,31193,31193,31409,0,1,0
1,31194,31194,31410,0,1,0
1,31195,31195,31411,0,1,0
1,31196,31196,31412,0,1,0
1,31197,31197,31413,0,1,0
1,31198,31198,31414,0,1,0
1,31199,31199,31415,0,1,0
1,31200,31200,31416,0,1,0
1,31201,31201,31417,0,1,0
1,31202,31202,31418,0,1,0
1,31203,31203,31419,0,1,0
1,31204,31204,31420,0,1,0
1,31205,31205,31421,0,1,0
1,31206,31206,31422,0,1,0
1,31207,31207,31423,0,1,0
1,31208,31208,31424,0,1,0
1,31209,31209,31425,0,1,0
1,31210,31210,31426,0,1,0
1,31211,31211,31427,0,1,0
1,31212,31212,31428,0,1,0
1,31213,31213,31429,0,1,0
1,31214,31214,31430,0,1,0
1,31215,31215,31431,0,1,0
1,31216,31216,31432,0,1,0
1,31217,31217,31433,0,1,0
1,31218,31218,31434,0,1,0
1,31219,31219,31435,0,1,0
1,31220,31220,31436,0,1,0
1,31221,31221,31437,0,1,0
1,31222,31222,31438,0,1,0
1,31223,31223,31439,0,1,0
1,31224,31224,31440,0,1,0
1,31225,31225,31441,0,1,0
1,31226,31226,31442,0,1,0
1,31227,31227,31443,0,1,0
1,31228,31228,31444,0,1,0
1,31229,31229,31445,0,1,0
1,31230,31230,31446,0,1,0
1,31231,31231,31447,0,1,0
1,31232,31232,31448,0,1,0
1,31233,31233,31449,0,1,0
1,31234,31234,31450,0,1,0
1,31235,31235,31451,0,1,0
1,31236,31236,31452,0,1,0
1,31237,31237,31453,0,1,0
1,31238,31238,31454,0,1,0
1,31239,31239,31455,0,1,0
1,31240,31240,31456,0,1,0
1,31241,31241,31457,0,1,0
1,31242,31242,31458,0,1,0
1,31243,31243,31459,0,1,0
1,31244,31244,31460,0,1,0
1,31245,31245,31461,0,1,0
1,31246,31246,31462,0,1,0
1,31247,31247,31463,0,1,0
1,31248,31248,31464,0,1,0
1,31249,31249,31465,0,1,0
1,31250,31250,31466,0,1,0
1,31251,31251,31467,0,1,0
1,31252,31252,31468,0,1,0
1,31253,31253,31469,0,1,0
1,31254,31254,31470,0,1,0
1,31255,31255,31471,0,1,0
1,31256,31256,31472,0,1,0
1,31257,31257,31473,0,1,0
1,31258,31258,31474,0,1,0
1,31259,31259,31475,0,1,0
1,31260,31260,31476,0,1,0
1,31261,31261,31477,0,1,0
1,31262,31262,31478,0,1,0
1,31263,31263,31479,0,1,0
1,31264,31264,31480,0,1,0
1,31265,31265,31481,0,1,0
1,31266,31266,31482,0,1,0
1,31267,31267,31483,0,1,0
1,31268,31268,31484,0,1,0
1,31269,31269,31485,0,1,0
1,31270,31270,31486,0,1,0
1,31271,31271,31487,0,1,0
1,31272,31272,31488,0,1,0
1,31273,31273,31489,0,1,0
1,31274,31274,31490,0,1,0
1,31275,31275,31491,0,1,0
1,31276,31276,31492,0,1,0
1,31277,31277,31493,0,1,0
1,31278,31278,31494,0,1,0
1,31279,31279,31495,0,1,0
1,31280,31280,31496,0,1,0
1,31281,31281,31497,0,1,0
1,31282,31282,31498,0,1,0
1,31283,31283,31499,0,1,0
1,31284,31284,31500,0,1,0
1,31285,31285,31501,0,1,0
1,31286,31286,31502,0,1,0
1,31287,31287,31503,0,1,0
1,31288,31288,31504,0,1,0
1,31289,31289,31505,0,1,0
1,31290,31290,31506,0,1,0
1,31291,31291,31507,0,1,0
1,31292,31292,31508,0,1,0
1,31293,31293,31509,0,1,0
1,31294,31294,31510,0,1,0
1,31295,31295,31511,0,1,0
1,31296,31296,31512,0,1,0
1,31297,31297,31513,0,1,0
1,31298,31298,31514,0,1,0
1,31299,31299,31515,0,1,0
1,31300,31300,31516,0,1,0
1,31301,31301,31517,0,1,0
1,31302,31302,31518,0,1,0
1,31303,31303,31519,0,1,0
1,31304,31304,31520,0,1,0
1,31305,31305,31521,0,1,0
1,31306,31306,31522,0,1,0
1,31307,31307,31523,0,1,0
1,31308,31308,31524,0,1,0
1,31309,31309,31525,0,1,0
1,31310,31310,31526,0,1,0
1,31311,31311,31527,0,1,0
1,31312,31312,31528,0,1,0
1,31313,31313,31529,0,1,0
1,31314,31314,31530,0,1,0
1,31315,31315,31531,0,1,0
1,31316,31316,31532,0,1,0
1,31317,31317,31533,0,1,0
1,31318,31318,31534,0,1,0
1,31319,31319,31535,0,1,0
1,31320,31320,31536,0,1,0
1,31321,31321,31537,0,1,0
1,31322,31322,31538,0,1,0
1,31323,31323,31539,0,1,0
1,31324,31324,31540,0,1,0
1,31325,31325,31541,0,1,0
1,31326,31326,31542,0,1,0
1,31327,31327,31543,0,1,0
1,31328,31328,31544,0,1,0
1,31329,31329,31545,0,1,0
1,31330,31330,31546,0,1,0
1,31331,31331,31547,0,1,0
1,31332,31332,31548,0,1,0
1,31333,31333,31549,0,1,0
1,31334,31334,31550,0,1,0
1,31335,31335,31551,0,1,0
1,31336,31336,31552,0,1,0
1,31337,31337,31553,0,1,0
1,31338,31338,31554,0,1,0
1,31339,31339,31555,0,1,0
1,31340,31340,31556,0,1,0
1,31341,31341,31557,0,1,0
1,31342,31342,31558,0,1,0
1,31343,31343,31559,0,1,0
1,31344,31344,31560,0,1,0
1,31345,31345,31561,0,1,0
1,31346,31346,31562,0,1,0
1,31347,31347,31563,0,1,0
1,31348,31348,31564,0,1,0
1,31349,31349,31565,0,1,0
1,31350,31350,31566,0,1,0
1,31351,31351,31567,0,1,0
1,31352,31352,31568,0,1,0
1,31353,31353,31569,0,1,0
1,31354,31354,31570,0,1,0
1,31355,31355,31571,0,1,0
1,31356,31356,31572,0,1,0
1,31357,31357,31573,0,1,0
1,31358,31358,31574,0,1,0
1,31359,31359,31575,0,1,0
1,31360,31360,31576,0,1,0
1,31361,31361,31577,0,1,0
1,31362,31362,31578,0,1,0
1,31363,31363,31579,0,1,0
1,31364,31364,31580,0,1,0
1,31365,31365,31581,0,1,0
1,31366,31366,31582,0,1,0
1,31367,31367,31583,0,1,0
1,31368,31368,31584,0,1,0
1,31369,31369,31585,0,1,0
1,31370,31370,31586,0,1,0
1,31371,31371,31587,0,1,0
1,31372,31372,31588,0,1,0
1,31373,31373,31589,0,1,0
1,31374,31374,31590,0,1,0
1,31375,31375,31591,0,1,0
1,31376,31376,31592,0,1,0
1,31377,31377,31593,0,1,0
1,31378,31378,31594,0,1,0
1,31379,31379,31595,0,1,0
1,31380,31380,31596,0,1,0
1,31381,31381,31597,0,1,0
1,31382,31382,31598,0,1,0
1,31383,31383,31599,0,1,0
1,31384,31384,31600,0,1,0
1,31385,31385,31601,0,1,0
1,31386,31386,31602,0,1,0
1,31387,31387,31603,0,1,0
1,31388,31388,31604,0,1,0
1,31389,31389,31605,0,1,0
1,31390,31390,31606,0,1,0
1,31391,31391,31607,0,1,0
1,31392,31392,31608,0,1,0
1,31393,31393,31609,0,1,0
1,31394,31394,31610,0,1,0
1,31395,31395,31611,0,1,0
1,31396,31396,31612,0,1,0
1,31397,31397,31613,0,1,0
1,31398,31398,31614,0,1,0
1,31399,31399,31615,0,1,0
1,31400,31400,31616,0,1,0
1,31401,31401,31617,0,1,0
1,31402,31402,31618,0,1,0
1,31403,31403,31619,0,1,0
1,31404,31404,31620,0,1,0
1,31405,31405,31621,0,1,0
1,31406,31406,31622,0,1,0
1,31407,31407,31623,0,1,0
1,31408,31408,31624,0,1,0
1,31409,31409,31625,0,1,0
1,31410,31410,31626,0,1,0
1,31411,31411,31627,0,1,0
1,31412,31412,31628,0,1,0
1,31413,31413,31629,0,1,0
1,31414,31414,31630,0,1,0
1,31415,31415,31631,0,1,0
1,31416,31416,31632,0,1,0
1,31417,31417,31633,0,1,0
1,31418,31418,31634,0,1,0
1,31419,31419,31635,0,1,0
1,31420,31420,31636,0,1,0
1,31421,31421,31637,0,1,0
1,31422,31422,31638,0,1,0
1,31423,31423,31639,0,1,0
1,31424,31424,31640,0,1,0
1,31425,31425,31641,0,1,0
1,31426,31426,31642,0,1,0
1,31427,31427,31643,0,1,0
1,31428,31428,31644,0,1,0
1,31429,31429,31645,0,1,0
1,31430,31430,31646,0,1,0
1,31431,31431,31647,0,1,0
1,31432,31432,31648,0,1,0
1,31433,31433,31649,0,1,0
1,31434,31434,31650,0,1,0
1,31435,31435,31651,0,1,0
1,31436,31436,31652,0,1,0
1,31437,31437,31653,0,1,0
1,31438,31438,31654,0,1,0
1,31439,31439,31655,0,1,0
1,31440,31440,31656,0,1,0
1,31441,31441,31657,0,1,0
1,31442,31442,31658,0,1,0
1,31443,31443,31659,0,1,0
1,31444,31444,31660,0,1,0
1,31445,31445,31661,0,1,0
1,31446,31446,31662,0,1,0
1,31447,31447,31663,0,1,0
1,31448,31448,31664,0,1,0
1,31449,31449,31665,0,1,0
1,31450,31450,31666,0,1,0
1,31451,31451,31667,0,1,0
1,31452,31452,31668,0,1,0
1,31453,31453,31669,0,1,0
1,31454,31454,31670,0,1,0
1,31455,31455,31671,0,1,0
1,31456,31456,31672,0,1,0
1,31457,31457,31673,0,1,0
1,31458,31458,31674,0,1,0
1,31459,31459,31675,0,1,0
1,31460,31460,31676,0,1,0
1,31461,31461,31677,0,1,0
1,31462,31462,31678,0,1,0
1,31463,31463,31679,0,1,0
1,31464,31464,31680,0,1,0
1,31465,31465,31681,0,1,0
1,31466,31466,31682,0,1,0
1,31467,31467,31683,0,1,0
1,31468,31468,31684,0,1,0
1,31469,31469,31685,0,1,0
1,31470,31470,31686,0,1,0
1,31471,31471,31687,0,1,0
1,31472,31472,31688,0,1,0
1,31473,31473,31689,0,1,0
1,31474,31474,31690,0,1,0
1,31475,31475,31691,0,1,0
1,31476,31476,31692,0,1,0
1,31477,31477,31693,0,1,0
1,31478,31478,31694,0,1,0
1,31479,31479,31695,0,1,0
1,31480,31480,31696,0,1,0
1,31481,31481,31697,0,1,0
1,31482,31482,31698,0,1,0
1,31483,31483,31699,0,1,0
1,31484,31484,31700,0,1,0
1,31485,31485,31701,0,1,0
1,31486,31486,31702,0,1,0
1,31487,31487,31703,0,1,0
1,31488,31488,31704,0,1,0
1,31489,31489,31705,0,1,0
1,31490,31490,31706,0,1,0
1,31491,31491,31707,0,1,0
1,31492,31492,31708,0,1,0
1,31493,31493,31709,0,1,0
1,31494,31494,31710,0,1,0
1,31495,31495,31711,0,1,0
1,31496,31496,31712,0,1,0
1,31497,31497,31713,0,1,0
1,31498,31498,31714,0,1,0
1,31499,31499,31715,0,1,0
1,31500,31500,31716,0,1,0
1,31501,31501,31717,0,1,0
1,31502,31502,31718,0,1,0
1,31503,31503,31719,0,1,0
1,31504,31504,31720,0,1,0
1,31505,31505,31721,0,1,0
1,31506,31506,31722,0,1,0
1,31507,31507,31723,0,1,0
1,31508,31508,31724,0,1,0
1,31509,31509,31725,0,1,0
1,31510,31510,31726,0,1,0
1,31511,31511,31727,0,1,0
1,31512,31512,31728,0,1,0
1,31513,31513,31729,0,1,0
1,31514,31514,31730,0,1,0
1,31515,31515,31731,0,1,0
1,31516,31516,31732,0,1,0
1,31517,31517,31733,0,1,0
1,31518,31518,31734,0,1,0
1,31519,31519,31735,0,1,0
1,31520,31520,31736,0,1,0
1,31521,31521,31737,0,1,0
1,31522,31522,31738,0,1,0
1,31523,31523,31739,0,1,0
1,31524,31524,31740,0,1,0
1,31525,31525,31741,0,1,0
1,31526,31526,31742,0,1,0
1,31527,31527,31743,0,1,0
1,31528,31528,31744,0,1,0
1,31529,31529,31745,0,1,0
1,31530,31530,31746,0,1,0
1,31531,31531,31747,0,1,0
1,31532,31532,31748,0,1,0
1,31533,31533,31749,0,1,0
1,31534,31534,31750,0,1,0
1,31535,31535,31751,0,1,0
1,31536,31536,31752,0,1,0
1,31537,31537,31753,0,1,0
1,31538,31538,31754,0,1,0
1,31539,31539,31755,0,1,0
1,31540,31540,31756,0,1,0
1,31541,31541,31757,0,1,0
1,31542,31542,31758,0,1,0
1,31543,31543,31759,0,1,0
1,31544,31544,31760,0,1,0
1,31545,31545,31761,0,1,0
1,31546,31546,31762,0,1,0
1,31547,31547,31763,0,1,0
1,31548,31548,31764,0,1,0
1,31549,31549,31765,0,1,0
1,31550,31550,31766,0,1,0
1,31551,31551,31767,0,1,0
1,31552,31552,31768,0,1,0
1,31553,31553,31769,0,1,0
1,31554,31554,31770,0,1,0
1,31555,31555,31771,0,1,0
1,31556,31556,31772,0,1,0
1,31557,31557,31773,0,1,0
1,31558,31558,31774,0,1,0
1,31559,31559,31775,0,1,0
1,31560,31560,31776,0,1,0
1,31561,31561,31777,0,1,0
1,31562,31562,31778,0,1,0
1,31563,31563,31779,0,1,0
1,31564,31564,31780,0,1,0
1,31565,31565,31781,0,1,0
1,31566,31566,31782,0,1,0
1,31567,31567,31783,0,1,0
1,31568,31568,31784,0,1,0
1,31569,31569,31785,0,1,0
1,31570,31570,31786,0,1,0
1,31571,31571,31787,0,1,0
1,31572,31572,31788,0,1,0
1,31573,31573,31789,0,1,0
1,31574,31574,31790,0,1,0
1,31575,31575,31791,0,1,0
1,31576,31576,31792,0,1,0
1,31577,31577,31793,0,1,0
1,31578,31578,31794,0,1,0
1,31579,31579,31795,0,1,0
1,31580,31580,31796,0,1,0
1,31581,31581,31797,0,1,0
1,31582,31582,31798,0,1,0
1,31583,31583,31799,0,1,0
1,31584,31584,31800,0,1,0
1,31585,31585,31801,0,1,0
1,31586,31586,31802,0,1,0
1,31587,31587,31803,0,1,0
1,31588,31588,31804,0,1,0
1,31589,31589,31805,0,1,0
1,31590,31590,31806,0,1,0
1,31591,31591,31807,0,1,0
1,31592,31592,31808,0,1,0
1,31593,31593,31809,0,1,0
1,31594,31594,31810,0,1,0
1,31595,31595,31811,0,1,0
1,31596,31596,31812,0,1,0
1,31597,31597,31813,0,1,0
1,31598,31598,31814,0,1,0
1,31599,31599,31815,0,1,0
1,31600,31600,31816,0,1,0
1,31601,31601,31817,0,1,0
1,31602,31602,31818,0,1,0
1,31603,31603,31819,0,1,0
1,31604,31604,31820,0,1,0
1,31605,31605,31821,0,1,0
1,31606,31606,31822,0,1,0
1,31607,31607,31823,0,1,0
1,31608,31608,31824,0,1,0
1,31609,31609,31825,0,1,0
1,31610,31610,31826,0,1,0
1,31611,31611,31827,0,1,0
1,31612,31612,31828,0,1,0
1,31613,31613,31829,0,1,0
1,31614,31614,31830,0,1,0
1,31615,31615,31831,0,1,0
1,31616,31616,31832,0,1,0
1,31617,31617,31833,0,1,0
1,31618,31618,31834,0,1,0
1,31619,31619,31835,0,1,0
1,31620,31620,31836,0,1,0
1,31621,31621,31837,0,1,0
1,31622,31622,31838,0,1,0
1,31623,31623,31839,0,1,0
1,31624,31624,31840,0,1,0
1,31625,31625,31841,0,1,0
1,31626,31626,31842,0,1,0
1,31627,31627,31843,0,1,0
1,31628,31628,31844,0,1,0
1,31629,31629,31845,0,1,0
1,31630,31630,31846,0,1,0
1,31631,31631,31847,0,1,0
1,31632,31632,31848,0,1,0
1,31633,31633,31849,0,1,0
1,31634,31634,31850,0,1,0
1,31635,31635,31851,0,1,0
1,31636,31636,31852,0,1,0
1,31637,31637,31853,0,1,0
1,31638,31638,31854,0,1,0
1,31639,31639,31855,0,1,0
1,31640,31640,31856,0,1,0
1,31641,31641,31857,0,1,0
1,31642,31642,31858,0,1,0
1,31643,31643,31859,0,1,0
1,31644,31644,31860,0,1,0
1,31645,31645,31861,0,1,0
1,31646,31646,31862,0,1,0
1,31647,31647,31863,0,1,0
1,31648,31648,31864,0,1,0
1,31649,31649,31865,0,1,0
1,31650,31650,31866,0,1,0
1,31651,31651,31867,0,1,0
1,31652,31652,31868,0,1,0
1,31653,31653,31869,0,1,0
1,31654,31654,31870,0,1,0
1,31655,31655,31871,0,1,0
1,31656,31656,31872,0,1,0
1,31657,31657,31873,0,1,0
1,31658,31658,31874,0,1,0
1,31659,31659,31875,0,1,0
1,31660,31660,31876,0,1,0
1,31661,31661,31877,0,1,0
1,31662,31662,31878,0,1,0
1,31663,31663,31879,0,1,0
1,31664,31664,31880,0,1,0
1,31665,31665,31881,0,1,0
1,31666,31666,31882,0,1,0
1,31667,31667,31883,0,1,0
1,31668,31668,31884,0,1,0
1,31669,31669,31885,0,1,0
1,31670,31670,31886,0,1,0
1,31671,31671,31887,0,1,0
1,31672,31672,31888,0,1,0
1,31673,31673,31889,0,1,0
1,31674,31674,31890,0,1,0
1,31675,31675,31891,0,1,0
1,31676,31676,31892,0,1,0
1,31677,31677,31893,0,1,0
1,31678,31678,31894,0,1,0
1,31679,31679,31895,0,1,0
1,31680,31680,31896,0,1,0
1,31681,31681,31897,0,1,0
1,31682,31682,31898,0,1,0
1,31683,31683,31899,0,1,0
1,31684,31684,31900,0,1,0
1,31685,31685,31901,0,1,0
1,31686,31686,31902,0,1,0
1,31687,31687,31903,0,1,0
1,31688,31688,31904,0,1,0
1,31689,31689,31905,0,1,0
1,31690,31690,31906,0,1,0
1,31691,31691,31907,0,1,0
1,31692,31692,31908,0,1,0
1,31693,31693,31909,0,1,0
1,31694,31694,31910,0,1,0
1,31695,31695,31911,0,1,0
1,31696,31696,31912,0,1,0
1,31697,31697,31913,0,1,0
1,31698,31698,31914,0,1,0
1,31699,31699,31915,0,1,0
1,31700,31700,31916,0,1,0
1,31701,31701,31917,0,1,0
1,31702,31702,31918,0,1,0
1,31703,31703,31919,0,1,0
1,31704,31704,31920,0,1,0
1,31705,31705,31921,0,1,0
1,31706,31706,31922,0,1,0
1,31707,31707,31923,0,1,0
1,31708,31708,31924,0,1,0
1,31709,31709,31925,0,1,0
1,31710,31710,31926,0,1,0
1,31711,31711,31927,0,1,0
1,31712,31712,31928,0,1,0
1,31713,31713,31929,0,1,0
1,31714,31714,31930,0,1,0
1,31715,31715,31931,0,1,0
1,31716,31716,31932,0,1,0
1,31717,31717,31933,0,1,0
1,31718,31718,31934,0,1,0
1,31719,31719,31935,0,1,0
1,31720,31720,31936,0,1,0
1,31721,31721,31937,0,1,0
1,31722,31722,31938,0,1,0
1,31723,31723,31939,0,1,0
1,31724,31724,31940,0,1,0
1,31725,31725,31941,0,1,0
1,31726,31726,31942,0,1,0
1,31727,31727,31943,0,1,0
1,31728,31728,31944,0,1,0
1,31729,31729,31945,0,1,0
1,31730,31730,31946,0,1,0
1,31731,31731,31947,0,1,0
1,31732,31732,31948,0,1,0
1,31733,31733,31949,0,1,0
1,31734,31734,31950,0,1,0
1,31735,31735,31951,0,1,0
1,31736,31736,31952,0,1,0
1,31737,31737,31953,0,1,0
1,31738,31738,31954,0,1,0
1,31739,31739,31955,0,1,0
1,31740,31740,31956,0,1,0
1,31741,31741,31957,0,1,0
1,31742,31742,31958,0,1,0
1,31743,31743,31959,0,1,0
1,31744,31744,31960,0,1,0
1,31745,31745,31961,0,1,0
1,31746,31746,31962,0,1,0
1,31747,31747,31963,0,1,0
1,31748,31748,31964,0,1,0
1,31749,31749,31965,0,1,0
1,31750,31750,31966,0,1,0
1,31751,31751,31967,0,1,0
1,31752,31752,31968,0,1,0
1,31753,31753,31969,0,1,0
1,31754,31754,31970,0,1,0
1,31755,31755,31971,0,1,0
1,31756,31756,31972,0,1,0
1,31757,31757,31973,0,1,0
1,31758,31758,31974,0,1,0
1,31759,31759,31975,0,1,0
1,31760,31760,31976,0,1,0
1,31761,31761,31977,0,1,0
1,31762,31762,31978,0,1,0
1,31763,31763,31979,0,1,0
1,31764,31764,31980,0,1,0
1,31765,31765,31981,0,1,0
1,31766,31766,31982,0,1,0
1,31767,31767,31983,0,1,0
1,31768,31768,31984,0,1,0
1,31769,31769,31985,0,1,0
1,31770,31770,31986,0,1,0
1,31771,31771,31987,0,1,0
1,31772,31772,31988,0,1,0
1,31773,31773,31989,0,1,0
1,31774,31774,31990,0,1,0
1,31775,31775,31991,0,1,0
1,31776,31776,31992,0,1,0
1,31777,31777,31993,0,1,0
1,31778,31778,31994,0,1,0
1,31779,31779,31995,0,1,0
1,31780,31780,31996,0,1,0
1,31781,31781,31997,0,1,0
1,31782,31782,31998,0,1,0
1,31783,31783,31999,0,1,0
1,31784,31784,32000,0,1,0
1,31785,31785,32001,0,1,0
1,31786,31786,32002,0,1,0
1,31787,31787,32003,0,1,0
1,31788,31788,32004,0,1,0
1,31789,31789,32005,0,1,0
1,31790,31790,32006,0,1,0
1,31791,31791,32007,0,1,0
1,31792,31792,32008,0,1,0
1,31793,31793,32009,0,1,0
1,31794,31794,32010,0,1,0
1,31795,31795,32011,0,1,0
1,31796,31796,32012,0,1,0
1,31797,31797,32013,0,1,0
1,31798,31798,32014,0,1,0
1,31799,31799,32015,0,1,0
1,31800,31800,32016,0,1,0
1,31801,31801,32017,0,1,0
1,31802,31802,32018,0,1,0
1,31803,31803,32019,0,1,0
1,31804,31804,32020,0,1,0
1,31805,31805,32021,0,1,0
1,31806,31806,32022,0,1,0
1,31807,31807,32023,0,1,0
1,31808,31808,32024,0,1,0
1,31809,31809,32025,0,1,0
1,31810,31810,32026,0,1,0
1,31811,31811,32027,0,1,0
1,31812,31812,32028,0,1,0
1,31813,31813,32029,0,1,0
1,31814,31814,32030,0,1,0
1,31815,31815,32031,0,1,0
1,31816,31816,32032,0,1,0
1,31817,31817,32033,0,1,0
1,31818,31818,32034,0,1,0
1,31819,31819,32035,0,1,0
1,31820,31820,32036,0,1,0
1,31821,31821,32037,0,1,0
1,31822,31822,32038,0,1,0
1,31823,31823,32039,0,1,0
1,31824,31824,32040,0,1,0
1,31825,31825,32041,0,1,0
1,31826,31826,32042,0,1,0
1,31827,31827,32043,0,1,0
1,31828,31828,32044,0,1,0
1,31829,31829,32045,0,1,0
1,31830,31830,32046,0,1,0
1,31831,31831,32047,0,1,0
1,31832,31832,32048,0,1,0
1,31833,31833,32049,0,1,0
1,31834,31834,32050,0,1,0
1,31835,31835,32051,0,1,0
1,31836,31836,32052,0,1,0
1,31837,31837,32053,0,1,0
1,31838,31838,32054,0,1,0
1,31839,31839,32055,0,1,0
1,31840,31840,32056,0,1,0
1,31841,31841,32057,0,1,0
1,31842,31842,32058,0,1,0
1,31843,31843,32059,0,1,0
1,31844,31844,32060,0,1,0
1,31845,31845,32061,0,1,0
1,31846,31846,32062,0,1,0
1,31847,31847,32063,0,1,0
1,31848,31848,32064,0,1,0
1,31849,31849,32065,0,1,0
1,31850,31850,32066,0,1,0
1,31851,31851,32067,0,1,0
1,31852,31852,32068,0,1,0
1,31853,31853,32069,0,1,0
1,31854,31854,32070,0,1,0
1,31855,31855,32071,0,1,0
1,31856,31856,32072,0,1,0
1,31857,31857,32073,0,1,0
1,31858,31858,32074,0,1,0
1,31859,31859,32075,0,1,0
1,31860,31860,32076,0,1,0
1,31861,31861,32077,0,1,0
1,31862,31862,32078,0,1,0
1,31863,31863,32079,0,1,0
1,31864,31864,32080,0,1,0
1,31865,31865,32081,0,1,0
1,31866,31866,32082,0,1,0
1,31867,31867,32083,0,1,0
1,31868,31868,32084,0,1,0
1,31869,31869,32085,0,1,0
1,31870,31870,32086,0,1,0
1,31871,31871,32087,0,1,0
1,31872,31872,32088,0,1,0
1,31873,31873,32089,0,1,0
1,31874,31874,32090,0,1,0
1,31875,31875,32091,0,1,0
1,31876,31876,32092,0,1,0
1,31877,31877,32093,0,1,0
1,31878,31878,32094,0,1,0
1,31879,31879,32095,0,1,0
1,31880,31880,32096,0,1,0
1,31881,31881,32097,0,1,0
1,31882,31882,32098,0,1,0
1,31883,31883,32099,0,1,0
1,31884,31884,32100,0,1,0
1,31885,31885,32101,0,1,0
1,31886,31886,32102,0,1,0
1,31887,31887,32103,0,1,0
1,31888,31888,32104,0,1,0
1,31889,31889,32105,0,1,0
1,31890,31890,32106,0,1,0
1,31891,31891,32107,0,1,0
1,31892,31892,32108,0,1,0
1,31893,31893,32109,0,1,0
1,31894,31894,32110,0,1,0
1,31895,31895,32111,0,1,0
1,31896,31896,32112,0,1,0
1,31897,31897,32113,0,1,0
1,31898,31898,32114,0,1,0
1,31899,31899,32115,0,1,0
1,31900,31900,32116,0,1,0
1,31901,31901,32117,0,1,0
1,31902,31902,32118,0,1,0
1,31903,31903,32119,0,1,0
1,31904,31904,32120,0,1,0
1,31905,31905,32121,0,1,0
1,31906,31906,32122,0,1,0
1,31907,31907,32123,0,1,0
1,31908,31908,32124,0,1,0
1,31909,31909,32125,0,1,0
1,31910,31910,32126,0,1,0
1,31911,31911,32127,0,1,0
1,31912,31912,32128,0,1,0
1,31913,31913,32129,0,1,0
1,31914,31914,32130,0,1,0
1,31915,31915,32131,0,1,0
1,31916,31916,32132,0,1,0
1,31917,31917,32133,0,1,0
1,31918,31918,32134,0,1,0
1,31919,31919,32135,0,1,0
1,31920,31920,32136,0,1,0
1,31921,31921,32137,0,1,0
1,31922,31922,32138,0,1,0
1,31923,31923,32139,0,1,0
1,31924,31924,32140,0,1,0
1,31925,31925,32141,0,1,0
1,31926,31926,32142,0,1,0
1,31927,31927,32143,0,1,0
1,31928,31928,32144,0,1,0
1,31929,31929,32145,0,1,0
1,31930,31930,32146,0,1,0
1,31931,31931,32147,0,1,0
1,31932,31932,32148,0,1,0
1,31933,31933,32149,0,1,0
1,31934,31934,32150,0,1,0
1,31935,31935,32151,0,1,0
1,31936,31936,32152,0,1,0
1,31937,31937,32153,0,1,0
1,31938,31938,32154,0,1,0
1,31939,31939,32155,0,1,0
1,31940,31940,32156,0,1,0
1,31941,31941,32157,0,1,0
1,31942,31942,32158,0,1,0
1,31943,31943,32159,0,1,0
1,31944,31944,32160,0,1,0
1,31945,31945,32161,0,1,0
1,31946,31946,32162,0,1,0
1,31947,31947,32163,0,1,0
1,31948,31948,32164,0,1,0
1,31949,31949,32165,0,1,0
1,31950,31950,32166,0,1,0
1,31951,31951,32167,0,1,0
1,31952,31952,32168,0,1,0
1,31953,31953,32169,0,1,0
1,31954,31954,32170,0,1,0
1,31955,31955,32171,0,1,0
1,31956,31956,32172,0,1,0
1,31957,31957,32173,0,1,0
1,31958,31958,32174,0,1,0
1,31959,31959,32175,0,1,0
1,31960,31960,32176,0,1,0
1,31961,31961,32177,0,1,0
1,31962,31962,32178,0,1,0
1,31963,31963,32179,0,1,0
1,31964,31964,32180,0,1,0
1,31965,31965,32181,0,1,0
1,31966,31966,32182,0,1,0
1,31967,31967,32183,0,1,0
1,31968,31968,32184,0,1,0
1,31969,31969,32185,0,1,0
1,31970,31970,32186,0,1,0
1,31971,31971,32187,0,1,0
1,31972,31972,32188,0,1,0
1,31973,31973,32189,0,1,0
1,31974,31974,32190,0,1,0
1,31975,31975,32191,0,1,0
1,31976,31976,32192,0,1,0
1,31977,31977,32193,0,1,0
1,31978,31978,32194,0,1,0
1,31979,31979,32195,0,1,0
1,31980,31980,32196,0,1,0
1,31981,31981,32197,0,1,0
1,31982,31982,32198,0,1,0
1,31983,31983,32199,0,1,0
1,31984,31984,32200,0,1,0
1,31985,31985,32201,0,1,0
1,31986,31986,32202,0,1,0
1,31987,31987,32203,0,1,0
1,31988,31988,32204,0,1,0
1,31989,31989,32205,0,1,0
1,31990,31990,32206,0,1,0
1,31991,31991,32207,0,1,0
1,31992,31992,32208,0,1,0
1,31993,31993,32209,0,1,0
1,31994,31994,32210,0,1,0
1,31995,31995,32211,0,1,0
1,31996,31996,32212,0,1,0
1,31997,31997,32213,0,1,0
1,31998,31998,32214,0,1,0
1,31999,31999,32215,0,1,0
1,32000,32000,32216,0,1,0
1,32001,32001,32217,0,1,0
1,32002,32002,32218,0,1,0
1,32003,32003,32219,0,1,0
1,32004,32004,32220,0,1,0
1,32005,32005,32221,0,1,0
1,32006,32006,32222,0,1,0
1,32007,32007,32223,0,1,0
1,32008,32008,32224,0,1,0
1,32009,32009,32225,0,1,0
1,32010,32010,32226,0,1,0
1,32011,32011,32227,0,1,0
1,32012,32012,32228,0,1,0
1,32013,32013,32229,0,1,0
1,32014,32014,32230,0,1,0
1,32015,32015,32231,0,1,0
1,32016,32016,32232,0,1,0
1,32017,32017,32233,0,1,0
1,32018,32018,32234,0,1,0
1,32019,32019,32235,0,1,0
1,32020,32020,32236,0,1,0
1,32021,32021,32237,0,1,0
1,32022,32022,32238,0,1,0
1,32023,32023,32239,0,1,0
1,32024,32024,32240,0,1,0
1,32025,32025,32241,0,1,0
1,32026,32026,32242,0,1,0
1,32027,32027,32243,0,1,0
1,32028,32028,32244,0,1,0
1,32029,32029,32245,0,1,0
1,32030,32030,32246,0,1,0
1,32031,32031,32247,0,1,0
1,32032,32032,32248,0,1,0
1,32033,32033,32249,0,1,0
1,32034,32034,32250,0,1,0
1,32035,32035,32251,0,1,0
1,32036,32036,32252,0,1,0
1,32037,32037,32253,0,1,0
1,32038,32038,32254,0,1,0
1,32039,32039,32255,0,1,0
1,32040,32040,32256,0,1,0
1,32041,32041,32257,0,1,0
1,32042,32042,32258,0,1,0
1,32043,32043,32259,0,1,0
1,32044,32044,32260,0,1,0
1,32045,32045,32261,0,1,0
1,32046,32046,32262,0,1,0
1,32047,32047,32263,0,1,0
1,32048,32048,32264,0,1,0
1,32049,32049,32265,0,1,0
1,32050,32050,32266,0,1,0
1,32051,32051,32267,0,1,0
1,32052,32052,32268,0,1,0
1,32053,32053,32269,0,1,0
1,32054,32054,32270,0,1,0
1,32055,32055,32271,0,1,0
1,32056,32056,32272,0,1,0
1,32057,32057,32273,0,1,0
1,32058,32058,32274,0,1,0
1,32059,32059,32275,0,1,0
1,32060,32060,32276,0,1,0
1,32061,32061,32277,0,1,0
1,32062,32062,32278,0,1,0
1,32063,32063,32279,0,1,0
1,32064,32064,32280,0,1,0
1,32065,32065,32281,0,1,0
1,32066,32066,32282,0,1,0
1,32067,32067,32283,0,1,0
1,32068,32068,32284,0,1,0
1,32069,32069,32285,0,1,0
1,32070,32070,32286,0,1,0
1,32071,32071,32287,0,1,0
1,32072,32072,32288,0,1,0
1,32073,32073,32289,0,1,0
1,32074,32074,32290,0,1,0
1,32075,32075,32291,0,1,0
1,32076,32076,32292,0,1,0
1,32077,32077,32293,0,1,0
1,32078,32078,32294,0,1,0
1,32079,32079,32295,0,1,0
1,32080,32080,32296,0,1,0
1,32081,32081,32297,0,1,0
1,32082,32082,32298,0,1,0
1,32083,32083,32299,0,1,0
1,32084,32084,32300,0,1,0
1,32085,32085,32301,0,1,0
1,32086,32086,32302,0,1,0
1,32087,32087,32303,0,1,0
1,32088,32088,32304,0,1,0
1,32089,32089,32305,0,1,0
1,32090,32090,32306,0,1,0
1,32091,32091,32307,0,1,0
1,32092,32092,32308,0,1,0
1,32093,32093,32309,0,1,0
1,32094,32094,32310,0,1,0
1,32095,32095,32311,0,1,0
1,32096,32096,32312,0,1,0
1,32097,32097,32313,0,1,0
1,32098,32098,32314,0,1,0
1,32099,32099,32315,0,1,0
1,32100,32100,32316,0,1,0
1,32101,32101,32317,0,1,0
1,32102,32102,32318,0,1,0
1,32103,32103,32319,0,1,0
1,32104,32104,32320,0,1,0
1,32105,32105,32321,0,1,0
1,32106,32106,32322,0,1,0
1,32107,32107,32323,0,1,0
1,32108,32108,32324,0,1,0
1,32109,32109,32325,0,1,0
1,32110,32110,32326,0,1,0
1,32111,32111,32327,0,1,0
1,32112,32112,32328,0,1,0
1,32113,32113,32329,0,1,0
1,32114,32114,32330,0,1,0
1,32115,32115,32331,0,1,0
1,32116,32116,32332,0,1,0
1,32117,32117,32333,0,1,0
1,32118,32118,32334,0,1,0
1,32119,32119,32335,0,1,0
1,32120,32120,32336,0,1,0
1,32121,32121,32337,0,1,0
1,32122,32122,32338,0,1,0
1,32123,32123,32339,0,1,0
1,32124,32124,32340,0,1,0
1,32125,32125,32341,0,1,0
1,32126,32126,32342,0,1,0
1,32127,32127,32343,0,1,0
1,32128,32128,32344,0,1,0
1,32129,32129,32345,0,1,0
1,32130,32130,32346,0,1,0
1,32131,32131,32347,0,1,0
1,32132,32132,32348,0,1,0
1,32133,32133,32349,0,1,0
1,32134,32134,32350,0,1,0
1,32135,32135,32351,0,1,0
1,32136,32136,32352,0,1,0
1,32137,32137,32353,0,1,0
1,32138,32138,32354,0,1,0
1,32139,32139,32355,0,1,0
1,32140,32140,32356,0,1,0
1,32141,32141,32357,0,1,0
1,32142,32142,32358,0,1,0
1,32143,32143,32359,0,1,0
1,32144,32144,32360,0,1,0
1,32145,32145,32361,0,1,0
1,32146,32146,32362,0,1,0
1,32147,32147,32363,0,1,0
1,32148,32148,32364,0,1,0
1,32149,32149,32365,0,1,0
1,32150,32150,32366,0,1,0
1,32151,32151,32367,0,1,0
1,32152,32152,32368,0,1,0
1,32153,32153,32369,0,1,0
1,32154,32154,32370,0,1,0
1,32155,32155,32371,0,1,0
1,32156,32156,32372,0,1,0
1,32157,32157,32373,0,1,0
1,32158,32158,32374,0,1,0
1,32159,32159,32375,0,1,0
1,32160,32160,32376,0,1,0
1,32161,32161,32377,0,1,0
1,32162,32162,32378,0,1,0
1,32163,32163,32379,0,1,0
1,32164,32164,32380,0,1,0
1,32165,32165,32381,0,1,0
1,32166,32166,32382,0,1,0
1,32167,32167,32383,0,1,0
1,32168,32168,32384,0,1,0
1,32169,32169,32385,0,1,0
1,32170,32170,32386,0,1,0
1,32171,32171,32387,0,1,0
1,32172,32172,32388,0,1,0
1,32173,32173,32389,0,1,0
1,32174,32174,32390,0,1,0
1,32175,32175,32391,0,1,0
1,32176,32176,32392,0,1,0
1,32177,32177,32393,0,1,0
1,32178,32178,32394,0,1,0
1,32179,32179,32395,0,1,0
1,32180,32180,32396,0,1,0
1,32181,32181,32397,0,1,0
1,32182,32182,32398,0,1,0
1,32183,32183,32399,0,1,0
1,32184,32184,32400,0,1,0
1,32185,32185,32401,0,1,0
1,32186,32186,32402,0,1,0
1,32187,32187,32403,0,1,0
1,32188,32188,32404,0,1,0
1,32189,32189,32405,0,1,0
1,32190,32190,32406,0,1,0
1,32191,32191,32407,0,1,0
1,32192,32192,32408,0,1,0
1,32193,32193,32409,0,1,0
1,32194,32194,32410,0,1,0
1,32195,32195,32411,0,1,0
1,32196,32196,32412,0,1,0
1,32197,32197,32413,0,1,0
1,32198,32198,32414,0,1,0
1,32199,32199,32415,0,1,0
1,32200,32200,32416,0,1,0
1,32201,32201,32417,0,1,0
1,32202,32202,32418,0,1,0
1,32203,32203,32419,0,1,0
1,32204,32204,32420,0,1,0
1,32205,32205,32421,0,1,0
1,32206,32206,32422,0,1,0
1,32207,32207,32423,0,1,0
1,32208,32208,32424,0,1,0
1,32209,32209,32425,0,1,0
1,32210,32210,32426,0,1,0
1,32211,32211,32427,0,1,0
1,32212,32212,32428,0,1,0
1,32213,32213,32429,0,1,0
1,32214,32214,32430,0,1,0
1,32215,32215,32431,0,1,0
1,32216,32216,32432,0,1,0
1,32217,32217,32433,0,1,0
1,32218,32218,32434,0,1,0
1,32219,32219,32435,0,1,0
1,32220,32220,32436,0,1,0
1,32221,32221,32437,0,1,0
1,32222,32222,32438,0,1,0
1,32223,32223,32439,0,1,0
1,32224,32224,32440,0,1,0
1,32225,32225,32441,0,1,0
1,32226,32226,32442,0,1,0
1,32227,32227,32443,0,1,0
1,32228,32228,32444,0,1,0
1,32229,32229,32445,0,1,0
1,32230,32230,32446,0,1,0
1,32231,32231,32447,0,1,0
1,32232,32232,32448,0,1,0
1,32233,32233,32449,0,1,0
1,32234,32234,32450,0,1,0
1,32235,32235,32451,0,1,0
1,32236,32236,32452,0,1,0
1,32237,32237,32453,0,1,0
1,32238,32238,32454,0,1,0
1,32239,32239,32455,0,1,0
1,32240,32240,32456,0,1,0
1,32241,32241,32457,0,1,0
1,32242,32242,32458,0,1,0
1,32243,32243,32459,0,1,0
1,32244,32244,32460,0,1,0
1,32245,32245,32461,0,1,0
1,32246,32246,32462,0,1,0
1,32247,32247,32463,0,1,0
1,32248,32248,32464,0,1,0
1,32249,32249,32465,0,1,0
1,32250,32250,32466,0,1,0
1,32251,32251,32467,0,1,0
1,32252,32252,32468,0,1,0
1,32253,32253,32469,0,1,0
1,32254,32254,32470,0,1,0
1,32255,32255,32471,0,1,0
1,32256,32256,32472,0,1,0
1,32257,32257,32473,0,1,0
1,32258,32258,32474,0,1,0
1,32259,32259,32475,0,1,0
1,32260,32260,32476,0,1,0
1,32261,32261,32477,0,1,0
1,32262,32262,32478,0,1,0
1,32263,32263,32479,0,1,0
1,32264,32264,32480,0,1,0
1,32265,32265,32481,0,1,0
1,32266,32266,32482,0,1,0
1,32267,32267,32483,0,1,0
1,32268,32268,32484,0,1,0
1,32269,32269,32485,0,1,0
1,32270,32270,32486,0,1,0
1,32271,32271,32487,0,1,0
1,32272,32272,32488,0,1,0
1,32273,32273,32489,0,1,0
1,32274,32274,32490,0,1,0
1,32275,32275,32491,0,1,0
1,32276,32276,32492,0,1,0
1,32277,32277,32493,0,1,0
1,32278,32278,32494,0,1,0
1,32279,32279,32495,0,1,0
1,32280,32280,32496,0,1,0
1,32281,32281,32497,0,1,0
1,32282,32282,32498,0,1,0
1,32283,32283,32499,0,1,0
1,32284,32284,32500,0,1,0
1,32285,32285,32501,0,1,0
1,32286,32286,32502,0,1,0
1,32287,32287,32503,0,1,0
1,32288,32288,32504,0,1,0
1,32289,32289,32505,0,1,0
1,32290,32290,32506,0,1,0
1,32291,32291,32507,0,1,0
1,32292,32292,32508,0,1,0
1,32293,32293,32509,0,1,0
1,32294,32294,32510,0,1,0
1,32295,32295,32511,0,1,0
1,32296,32296,32512,0,1,0
1,32297,32297,32513,0,1,0
1,32298,32298,32514,0,1,0
1,32299,32299,32515,0,1,0
1,32300,32300,32516,0,1,0
1,32301,32301,32517,0,1,0
1,32302,32302,32518,0,1,0
1,32303,32303,32519,0,1,0
1,32304,32304,32520,0,1,0
1,32305,32305,32521,0,1,0
1,32306,32306,32522,0,1,0
1,32307,32307,32523,0,1,0
1,32308,32308,32524,0,1,0
1,32309,32309,32525,0,1,0
1,32310,32310,32526,0,1,0
1,32311,32311,32527,0,1,0
1,32312,32312,32528,0,1,0
1,32313,32313,32529,0,1,0
1,32314,32314,32530,0,1,0
1,32315,32315,32531,0,1,0
1,32316,32316,32532,0,1,0
1,32317,32317,32533,0,1,0
1,32318,32318,32534,0,1,0
1,32319,32319,32535,0,1,0
1,32320,32320,32536,0,1,0
1,32321,32321,32537,0,1,0
1,32322,32322,32538,0,1,0
1,32323,32323,32539,0,1,0
1,32324,32324,32540,0,1,0
1,32325,32325,32541,0,1,0
1,32326,32326,32542,0,1,0
1,32327,32327,32543,0,1,0
1,32328,32328,32544,0,1,0
1,32329,32329,32545,0,1,0
1,32330,32330,32546,0,1,0
1,32331,32331,32547,0,1,0
1,32332,32332,32548,0,1,0
1,32333,32333,32549,0,1,0
1,32334,32334,32550,0,1,0
1,32335,32335,32551,0,1,0
1,32336,32336,32552,0,1,0
1,32337,32337,32553,0,1,0
1,32338,32338,32554,0,1,0
1,32339,32339,32555,0,1,0
1,32340,32340,32556,0,1,0
1,32341,32341,32557,0,1,0
1,32342,32342,32558,0,1,0
1,32343,32343,32559,0,1,0
1,32344,32344,32560,0,1,0
1,32345,32345,32561,0,1,0
1,32346,32346,32562,0,1,0
1,32347,32347,32563,0,1,0
1,32348,32348,32564,0,1,0
1,32349,32349,32565,0,1,0
1,32350,32350,32566,0,1,0
1,32351,32351,32567,0,1,0
1,32352,32352,32568,0,1,0
1,32353,32353,32569,0,1,0
1,32354,32354,32570,0,1,0
1,32355,32355,32571,0,1,0
1,32356,32356,32572,0,1,0
1,32357,32357,32573,0,1,0
1,32358,32358,32574,0,1,0
1,32359,32359,32575,0,1,0
1,32360,32360,32576,0,1,0
1,32361,32361,32577,0,1,0
1,32362,32362,32578,0,1,0
1,32363,32363,32579,0,1,0
1,32364,32364,32580,0,1,0
1,32365,32365,32581,0,1,0
1,32366,32366,32582,0,1,0
1,32367,32367,32583,0,1,0
1,32368,32368,32584,0,1,0
1,32369,32369,32585,0,1,0
1,32370,32370,32586,0,1,0
1,32371,32371,32587,0,1,0
1,32372,32372,32588,0,1,0
1,32373,32373,32589,0,1,0
1,32374,32374,32590,0,1,0
1,32375,32375,32591,0,1,0
1,32376,32376,32592,0,1,0
1,32377,32377,32593,0,1,0
1,32378,32378,32594,0,1,0
1,32379,32379,32595,0,1,0
1,32380,32380,32596,0,1,0
1,32381,32381,32597,0,1,0
1,32382,32382,32598,0,1,0
1,32383,32383,32599,0,1,0
1,32384,32384,32600,0,1,0
1,32385,32385,32601,0,1,0
1,32386,32386,32602,0,1,0
1,32387,32387,32603,0,1,0
1,32388,32388,32604,0,1,0
1,32389,32389,32605,0,1,0
1,32390,32390,32606,0,1,0
1,32391,32391,32607,0,1,0
1,32392,32392,32608,0,1,0
1,32393,32393,32609,0,1,0
1,32394,32394,32610,0,1,0
1,32395,32395,32611,0,1,0
1,32396,32396,32612,0,1,0
1,32397,32397,32613,0,1,0
1,32398,32398,32614,0,1,0
1,32399,32399,32615,0,1,0
1,32400,32400,32616,0,1,0
1,32401,32401,32617,0,1,0
1,32402,32402,32618,0,1,0
1,32403,32403,32619,0,1,0
1,32404,32404,32620,0,1,0
1,32405,32405,32621,0,1,0
1,32406,32406,32622,0,1,0
1,32407,32407,32623,0,1,0
1,32408,32408,32624,0,1,0
1,32409,32409,32625,0,1,0
1,32410,32410,32626,0,1,0
1,32411,32411,32627,0,1,0
1,32412,32412,32628,0,1,0
1,32413,32413,32629,0,1,0
1,32414,32414,32630,0,1,0
1,32415,32415,32631,0,1,0
1,32416,32416,32632,0,1,0
1,32417,32417,32633,0,1,0
1,32418,32418,32634,0,1,0
1,32419,32419,32635,0,1,0
1,32420,32420,32636,0,1,0
1,32421,32421,32637,0,1,0
1,32422,32422,32638,0,1,0
1,32423,32423,32639,0,1,0
1,32424,32424,32640,0,1,0
1,32425,32425,32641,0,1,0
1,32426,32426,32642,0,1,0
1,32427,32427,32643,0,1,0
1,32428,32428,32644,0,1,0
1,32429,32429,32645,0,1,0
1,32430,32430,32646,0,1,0
1,32431,32431,32647,0,1,0
1,32432,32432,32648,0,1,0
1,32433,32433,32649,0,1,0
1,32434,32434,32650,0,1,0
1,32435,32435,32651,0,1,0
1,32436,32436,32652,0,1,0
1,32437,32437,32653,0,1,0
1,32438,32438,32654,0,1,0
1,32439,32439,32655,0,1,0
1,32440,32440,32656,0,1,0
1,32441,32441,32657,0,1,0
1,32442,32442,32658,0,1,0
1,32443,32443,32659,0,1,0
1,32444,32444,32660,0,1,0
1,32445,32445,32661,0,1,0
1,32446,32446,32662,0,1,0
1,32447,32447,32663,0,1,0
1,32448,32448,32664,0,1,0
1,32449,32449,32665,0,1,0
1,32450,32450,32666,0,1,0
1,32451,32451,32667,0,1,0
1,32452,32452,32668,0,1,0
1,32453,32453,32669,0,1,0
1,32454,32454,32670,0,1,0
1,32455,32455,32671,0,1,0
1,32456,32456,32672,0,1,0
1,32457,32457,32673,0,1,0
1,32458,32458,32674,0,1,0
1,32459,32459,32675,0,1,0
1,32460,32460,32676,0,1,0
1,32461,32461,32677,0,1,0
1,32462,32462,32678,0,1,0
1,32463,32463,32679,0,1,0
1,32464,32464,32680,0,1,0
1,32465,32465,32681,0,1,0
1,32466,32466,32682,0,1,0
1,32467,32467,32683,0,1,0
1,32468,32468,32684,0,1,0
1,32469,32469,32685,0,1,0
1,32470,32470,32686,0,1,0
1,32471,32471,32687,0,1,0
1,32472,32472,32688,0,1,0
1,32473,32473,32689,0,1,0
1,32474,32474,32690,0,1,0
1,32475,32475,32691,0,1,0
1,32476,32476,32692,0,1,0
1,32477,32477,32693,0,1,0
1,32478,32478,32694,0,1,0
1,32479,32479,32695,0,1,0
1,32480,32480,32696,0,1,0
1,32481,32481,32697,0,1,0
1,32482,32482,32698,0,1,0
1,32483,32483,32699,0,1,0
1,32484,32484,32700,0,1,0
1,32485,32485,32701,0,1,0
1,32486,32486,32702,0,1,0
1,32487,32487,32703,0,1,0
1,32488,32488,32704,0,1,0
1,32489,32489,32705,0,1,0
1,32490,32490,32706,0,1,0
1,32491,32491,32707,0,1,0
1,32492,32492,32708,0,1,0
1,32493,32493,32709,0,1,0
1,32494,32494,32710,0,1,0
1,32495,32495,32711,0,1,0
1,32496,32496,32712,0,1,0
1,32497,32497,32713,0,1,0
1,32498,32498,32714,0,1,0
1,32499,32499,32715,0,1,0
1,32500,32500,32716,0,1,0
1,32501,32501,32717,0,1,0
1,32502,32502,32718,0,1,0
1,32503,32503,32719,0,1,0
1,32504,32504,32720,0,1,0
1,32505,32505,32721,0,1,0
1,32506,32506,32722,0,1,0
1,32507,32507,32723,0,1,0
1,32508,32508,32724,0,1,0
1,32509,32509,32725,0,1,0
1,32510,32510,32726,0,1,0
1,32511,32511,32727,0,1,0
1,32512,32512,32728,0,1,0
1,32513,32513,32729,0,1,0
1,32514,32514,32730,0,1,0
1,32515,32515,32731,0,1,0
1,32516,32516,32732,0,1,0
1,32517,32517,32733,0,1,0
1,32518,32518,32734,0,1,0
1,32519,32519,32735,0,1,0
1,32520,32520,32736,0,1,0
1,32521,32521,32737,0,1,0
1,32522,32522,32738,0,1,0
1,32523,32523,32739,0,1,0
1,32524,32524,32740,0,1,0
1,32525,32525,32741,0,1,0
1,32526,32526,32742,0,1,0
1,32527,32527,32743,0,1,0
1,32528,32528,32744,0,1,0
1,32529,32529,32745,0,1,0
1,32530,32530,32746,0,1,0
1,32531,32531,32747,0,1,0
1,32532,32532,32748,0,1,0
1,32533,32533,32749,0,1,0
1,32534,32534,32750,0,1,0
1,32535,32535,32751,0,1,0
1,32536,32536,32752,0,1,0
1,32537,32537,32753,0,1,0
1,32538,32538,32754,0,1,0
1,32539,32539,32755,0,1,0
1,32540,32540,32756,0,1,0
1,32541,32541,32757,0,1,0
1,32542,32542,32758,0,1,0
1,32543,32543,32759,0,1,0
1,32544,32544,32760,0,1,0
1,32545,32545,32761,0,1,0
1,32546,32546,32762,0,1,0
1,32547,32547,32763,0,1,0
1,32548,32548,32764,0,1,0
1,32549,32549,32765,0,1,0
1,32550,32550,32766,0,1,0
1,32551,32551,32767,0,1,0
1,32552,32552,32768,0,1,0
1,32553,32553,32769,0,1,0
1,32554,32554,32770,0,1,0
1,32555,32555,32771,0,1,0
1,32556,32556,32772,0,1,0
1,32557,32557,32773,0,1,0
1,32558,32558,32774,0,1,0
1,32559,32559,32775,0,1,0
1,32560,32560,32776,0,1,0
1,32561,32561,32777,0,1,0
1,32562,32562,32778,0,1,0
1,32563,32563,32779,0,1,0
1,32564,32564,32780,0,1,0
1,32565,32565,32781,0,1,0
1,32566,32566,32782,0,1,0
1,32567,32567,32783,0,1,0
1,32568,32568,32784,0,1,0
1,32569,32569,32785,0,1,0
1,32570,32570,32786,0,1,0
1,32571,32571,32787,0,1,0
1,32572,32572,32788,0,1,0
1,32573,32573,32789,0,1,0
1,32574,32574,32790,0,1,0
1,32575,32575,32791,0,1,0
1,32576,32576,32792,0,1,0
1,32577,32577,32793,0,1,0
1,32578,32578,32794,0,1,0
1,32579,32579,32795,0,1,0
1,32580,32580,32796,0,1,0
1,32581,32581,32797,0,1,0
1,32582,32582,32798,0,1,0
1,32583,32583,32799,0,1,0
1,32584,32584,32800,0,1,0
1,32585,32585,32801,0,1,0
1,32586,32586,32802,0,1,0
1,32587,32587,32803,0,1,0
1,32588,32588,32804,0,1,0
1,32589,32589,32805,0,1,0
1,32590,32590,32806,0,1,0
1,32591,32591,32807,0,1,0
1,32592,32592,32808,0,1,0
1,32593,32593,32809,0,1,0
1,32594,32594,32810,0,1,0
1,32595,32595,32811,0,1,0
1,32596,32596,32812,0,1,0
1,32597,32597,32813,0,1,0
1,32598,32598,32814,0,1,0
1,32599,32599,32815,0,1,0
1,32600,32600,32816,0,1,0
1,32601,32601,32817,0,1,0
1,32602,32602,32818,0,1,0
1,32603,32603,32819,0,1,0
1,32604,32604,32820,0,1,0
1,32605,32605,32821,0,1,0
1,32606,32606,32822,0,1,0
1,32607,32607,32823,0,1,0
1,32608,32608,32824,0,1,0
1,32609,32609,32825,0,1,0
1,32610,32610,32826,0,1,0
1,32611,32611,32827,0,1,0
1,32612,32612,32828,0,1,0
1,32613,32613,32829,0,1,0
1,32614,32614,32830,0,1,0
1,32615,32615,32831,0,1,0
1,32616,32616,32832,0,1,0
1,32617,32617,32833,0,1,0
1,32618,32618,32834,0,1,0
1,32619,32619,32835,0,1,0
1,32620,32620,32836,0,1,0
1,32621,32621,32837,0,1,0
1,32622,32622,32838,0,1,0
1,32623,32623,32839,0,1,0
1,32624,32624,32840,0,1,0
1,32625,32625,32841,0,1,0
1,32626,32626,32842,0,1,0
1,32627,32627,32843,0,1,0
1,32628,32628,32844,0,1,0
1,32629,32629,32845,0,1,0
1,32630,32630,32846,0,1,0
1,32631,32631,32847,0,1,0
1,32632,32632,32848,0,1,0
1,32633,32633,32849,0,1,0
1,32634,32634,32850,0,1,0
1,32635,32635,32851,0,1,0
1,32636,32636,32852,0,1,0
1,32637,32637,32853,0,1,0
1,32638,32638,32854,0,1,0
1,32639,32639,32855,0,1,0
1,32640,32640,32856,0,1,0
1,32641,32641,32857,0,1,0
1,32642,32642,32858,0,1,0
1,32643,32643,32859,0,1,0
1,32644,32644,32860,0,1,0
1,32645,32645,32861,0,1,0
1,32646,32646,32862,0,1,0
1,32647,32647,32863,0,1,0
1,32648,32648,32864,0,1,0
1,32649,32649,32865,0,1,0
1,32650,32650,32866,0,1,0
1,32651,32651,32867,0,1,0
1,32652,32652,32868,0,1,0
1,32653,32653,32869,0,1,0
1,32654,32654,32870,0,1,0
1,32655,32655,32871,0,1,0
1,32656,32656,32872,0,1,0
1,32657,32657,32873,0,1,0
1,32658,32658,32874,0,1,0
1,32659,32659,32875,0,1,0
1,32660,32660,32876,0,1,0
1,32661,32661,32877,0,1,0
1,32662,32662,32878,0,1,0
1,32663,32663,32879,0,1,0
1,32664,32664,32880,0,1,0
1,32665,32665,32881,0,1,0
1,32666,32666,32882,0,1,0
1,32667,32667,32883,0,1,0
1,32668,32668,32884,0,1,0
1,32669,32669,32885,0,1,0
1,32670,32670,32886,0,1,0
1,32671,32671,32887,0,1,0
1,32672,32672,32888,0,1,0
1,32673,32673,32889,0,1,0
1,32674,32674,32890,0,1,0
1,32675,32675,32891,0,1,0
1,32676,32676,32892,0,1,0
1,32677,32677,32893,0,1,0
1,32678,32678,32894,0,1,0
1,32679,32679,32895,0,1,0
1,32680,32680,32896,0,1,0
1,32681,32681,32897,0,1,0
1,32682,32682,32898,0,1,0
1,32683,32683,32899,0,1,0
1,32684,32684,32900,0,1,0
1,32685,32685,32901,0,1,0
1,32686,32686,32902,0,1,0
1,32687,32687,32903,0,1,0
1,32688,32688,32904,0,1,0
1,32689,32689,32905,0,1,0
1,32690,32690,32906,0,1,0
1,32691,32691,32907,0,1,0
1,32692,32692,32908,0,1,0
1,32693,32693,32909,0,1,0
1,32694,32694,32910,0,1,0
1,32695,32695,32911,0,1,0
1,32696,32696,32912,0,1,0
1,32697,32697,32913,0,1,0
1,32698,32698,32914,0,1,0
1,32699,32699,32915,0,1,0
1,32700,32700,32916,0,1,0
1,32701,32701,32917,0,1,0
1,32702,32702,32918,0,1,0
1,32703,32703,32919,0,1,0
1,32704,32704,32920,0,1,0
1,32705,32705,32921,0,1,0
1,32706,32706,32922,0,1,0
1,32707,32707,32923,0,1,0
1,32708,32708,32924,0,1,0
1,32709,32709,32925,0,1,0
1,32710,32710,32926,0,1,0
1,32711,32711,32927,0,1,0
1,32712,32712,32928,0,1,0
1,32713,32713,32929,0,1,0
1,32714,32714,32930,0,1,0
1,32715,32715,32931,0,1,0
1,32716,32716,32932,0,1,0
1,32717,32717,32933,0,1,0
1,32718,32718,32934,0,1,0
1,32719,32719,32935,0,1,0
1,32720,32720,32936,0,1,0
1,32721,32721,32937,0,1,0
1,32722,32722,32938,0,1,0
1,32723,32723,32939,0,1,0
1,32724,32724,32940,0,1,0
1,32725,32725,32941,0,1,0
1,32726,32726,32942,0,1,0
1,32727,32727,32943,0,1,0
1,32728,32728,32944,0,1,0
1,32729,32729,32945,0,1,0
1,32730,32730,32946,0,1,0
1,32731,32731,32947,0,1,0
1,32732,32732,32948,0,1,0
1,32733,32733,32949,0,1,0
1,32734,32734,32950,0,1,0
1,32735,32735,32951,0,1,0
1,32736,32736,32952,0,1,0
1,32737,32737,32953,0,1,0
1,32738,32738,32954,0,1,0
1,32739,32739,32955,0,1,0
1,32740,32740,32956,0,1,0
1,32741,32741,32957,0,1,0
1,32742,32742,32958,0,1,0
1,32743,32743,32959,0,1,0
1,32744,32744,32960,0,1,0
1,32745,32745,32961,0,1,0
1,32746,32746,32962,0,1,0
1,32747,32747,32963,0,1,0
1,32748,32748,32964,0,1,0
1,32749,32749,32965,0,1,0
1,32750,32750,32966,0,1,0
1,32751,32751,32967,0,1,0
1,32752,32752,32968,0,1,0
1,32753,32753,32969,0,1,0
1,32754,32754,32970,0,1,0
1,32755,32755,32971,0,1,0
1,32756,32756,32972,0,1,0
1,32757,32757,32973,0,1,0
1,32758,32758,32974,0,1,0
1,32759,32759,32975,0,1,0
1,32760,32760,32976,0,1,0
1,32761,32761,32977,0,1,0
1,32762,32762,32978,0,1,0
1,32763,32763,32979,0,1,0
1,32764,32764,32980,0,1,0
1,32765,32765,32981,0,1,0
1,32766,32766,32982,0,1,0
1,32767,32767,32983,0,1,0
1,32768,32768,32984,0,1,0
1,32769,32769,32985,0,1,0
1,32770,32770,32986,0,1,0
1,32771,32771,32987,0,1,0
1,32772,32772,32988,0,1,0
1,32773,32773,32989,0,1,0
1,32774,32774,32990,0,1,0
1,32775,32775,32991,0,1,0
1,32776,32776,32992,0,1,0
1,32777,32777,32993,0,1,0
1,32778,32778,32994,0,1,0
1,32779,32779,32995,0,1,0
1,32780,32780,32996,0,1,0
1,32781,32781,32997,0,1,0
1,32782,32782,32998,0,1,0
1,32783,32783,32999,0,1,0
1,32784,32784,33000,0,1,0
1,32785,32785,33001,0,1,0
1,32786,32786,33002,0,1,0
1,32787,32787,33003,0,1,0
1,32788,32788,33004,0,1,0
1,32789,32789,33005,0,1,0
1,32790,32790,33006,0,1,0
1,32791,32791,33007,0,1,0
1,32792,32792,33008,0,1,0
1,32793,32793,33009,0,1,0
1,32794,32794,33010,0,1,0
1,32795,32795,33011,0,1,0
1,32796,32796,33012,0,1,0
1,32797,32797,33013,0,1,0
1,32798,32798,33014,0,1,0
1,32799,32799,33015,0,1,0
1,32800,32800,33016,0,1,0
1,32801,32801,33017,0,1,0
1,32802,32802,33018,0,1,0
1,32803,32803,33019,0,1,0
1,32804,32804,33020,0,1,0
1,32805,32805,33021,0,1,0
1,32806,32806,33022,0,1,0
1,32807,32807,33023,0,1,0
1,32808,32808,33024,0,1,0
1,32809,32809,33025,0,1,0
1,32810,32810,33026,0,1,0
1,32811,32811,33027,0,1,0
1,32812,32812,33028,0,1,0
1,32813,32813,33029,0,1,0
1,32814,32814,33030,0,1,0
1,32815,32815,33031,0,1,0
1,32816,32816,33032,0,1,0
1,32817,32817,33033,0,1,0
1,32818,32818,33034,0,1,0
1,32819,32819,33035,0,1,0
1,32820,32820,33036,0,1,0
1,32821,32821,33037,0,1,0
1,32822,32822,33038,0,1,0
1,32823,32823,33039,0,1,0
1,32824,32824,33040,0,1,0
1,32825,32825,33041,0,1,0
1,32826,32826,33042,0,1,0
1,32827,32827,33043,0,1,0
1,32828,32828,33044,0,1,0
1,32829,32829,33045,0,1,0
1,32830,32830,33046,0,1,0
1,32831,32831,33047,0,1,0
1,32832,32832,33048,0,1,0
1,32833,32833,33049,0,1,0
1,32834,32834,33050,0,1,0
1,32835,32835,33051,0,1,0
1,32836,32836,33052,0,1,0
1,32837,32837,33053,0,1,0
1,32838,32838,33054,0,1,0
1,32839,32839,33055,0,1,0
1,32840,32840,33056,0,1,0
1,32841,32841,33057,0,1,0
1,32842,32842,33058,0,1,0
1,32843,32843,33059,0,1,0
1,32844,32844,33060,0,1,0
1,32845,32845,33061,0,1,0
1,32846,32846,33062,0,1,0
1,32847,32847,33063,0,1,0
1,32848,32848,33064,0,1,0
1,32849,32849,33065,0,1,0
1,32850,32850,33066,0,1,0
1,32851,32851,33067,0,1,0
1,32852,32852,33068,0,1,0
1,32853,32853,33069,0,1,0
1,32854,32854,33070,0,1,0
1,32855,32855,33071,0,1,0
1,32856,32856,33072,0,1,0
1,32857,32857,33073,0,1,0
1,32858,32858,33074,0,1,0
1,32859,32859,33075,0,1,0
1,32860,32860,33076,0,1,0
1,32861,32861,33077,0,1,0
1,32862,32862,33078,0,1,0
1,32863,32863,33079,0,1,0
1,32864,32864,33080,0,1,0
1,32865,32865,33081,0,1,0
1,32866,32866,33082,0,1,0
1,32867,32867,33083,0,1,0
1,32868,32868,33084,0,1,0
1,32869,32869,33085,0,1,0
1,32870,32870,33086,0,1,0
1,32871,32871,33087,0,1,0
1,32872,32872,33088,0,1,0
1,32873,32873,33089,0,1,0
1,32874,32874,33090,0,1,0
1,32875,32875,33091,0,1,0
1,32876,32876,33092,0,1,0
1,32877,32877,33093,0,1,0
1,32878,32878,33094,0,1,0
1,32879,32879,33095,0,1,0
1,32880,32880,33096,0,1,0
1,32881,32881,33097,0,1,0
1,32882,32882,33098,0,1,0
1,32883,32883,33099,0,1,0
1,32884,32884,33100,0,1,0
1,32885,32885,33101,0,1,0
1,32886,32886,33102,0,1,0
1,32887,32887,33103,0,1,0
1,32888,32888,33104,0,1,0
1,32889,32889,33105,0,1,0
1,32890,32890,33106,0,1,0
1,32891,32891,33107,0,1,0
1,32892,32892,33108,0,1,0
1,32893,32893,33109,0,1,0
1,32894,32894,33110,0,1,0
1,32895,32895,33111,0,1,0
1,32896,32896,33112,0,1,0
1,32897,32897,33113,0,1,0
1,32898,32898,33114,0,1,0
1,32899,32899,33115,0,1,0
1,32900,32900,33116,0,1,0
1,32901,32901,33117,0,1,0
1,32902,32902,33118,0,1,0
1,32903,32903,33119,0,1,0
1,32904,32904,33120,0,1,0
1,32905,32905,33121,0,1,0
1,32906,32906,33122,0,1,0
1,32907,32907,33123,0,1,0
1,32908,32908,33124,0,1,0
1,32909,32909,33125,0,1,0
1,32910,32910,33126,0,1,0
1,32911,32911,33127,0,1,0
1,32912,32912,33128,0,1,0
1,32913,32913,33129,0,1,0
1,32914,32914,33130,0,1,0
1,32915,32915,33131,0,1,0
1,32916,32916,33132,0,1,0
1,32917,32917,33133,0,1,0
1,32918,32918,33134,0,1,0
1,32919,32919,33135,0,1,0
1,32920,32920,33136,0,1,0
1,32921,32921,33137,0,1,0
1,32922,32922,33138,0,1,0
1,32923,32923,33139,0,1,0
1,32924,32924,33140,0,1,0
1,32925,32925,33141,0,1,0
1,32926,32926,33142,0,1,0
1,32927,32927,33143,0,1,0
1,32928,32928,33144,0,1,0
1,32929,32929,33145,0,1,0
1,32930,32930,33146,0,1,0
1,32931,32931,33147,0,1,0
1,32932,32932,33148,0,1,0
1,32933,32933,33149,0,1,0
1,32934,32934,33150,0,1,0
1,32935,32935,33151,0,1,0
1,32936,32936,33152,0,1,0
1,32937,32937,33153,0,1,0
1,32938,32938,33154,0,1,0
1,32939,32939,33155,0,1,0
1,32940,32940,33156,0,1,0
1,32941,32941,33157,0,1,0
1,32942,32942,33158,0,1,0
1,32943,32943,33159,0,1,0
1,32944,32944,33160,0,1,0
1,32945,32945,33161,0,1,0
1,32946,32946,33162,0,1,0
1,32947,32947,33163,0,1,0
1,32948,32948,33164,0,1,0
1,32949,32949,33165,0,1,0
1,32950,32950,33166,0,1,0
1,32951,32951,33167,0,1,0
1,32952,32952,33168,0,1,0
1,32953,32953,33169,0,1,0
1,32954,32954,33170,0,1,0
1,32955,32955,33171,0,1,0
1,32956,32956,33172,0,1,0
1,32957,32957,33173,0,1,0
1,32958,32958,33174,0,1,0
1,32959,32959,33175,0,1,0
1,32960,32960,33176,0,1,0
1,32961,32961,33177,0,1,0
1,32962,32962,33178,0,1,0
1,32963,32963,33179,0,1,0
1,32964,32964,33180,0,1,0
1,32965,32965,33181,0,1,0
1,32966,32966,33182,0,1,0
1,32967,32967,33183,0,1,0
1,32968,32968,33184,0,1,0
1,32969,32969,33185,0,1,0
1,32970,32970,33186,0,1,0
1,32971,32971,33187,0,1,0
1,32972,32972,33188,0,1,0
1,32973,32973,33189,0,1,0
1,32974,32974,33190,0,1,0
1,32975,32975,33191,0,1,0
1,32976,32976,33192,0,1,0
1,32977,32977,33193,0,1,0
1,32978,32978,33194,0,1,0
1,32979,32979,33195,0,1,0
1,32980,32980,33196,0,1,0
1,32981,32981,33197,0,1,0
1,32982,32982,33198,0,1,0
1,32983,32983,33199,0,1,0
1,32984,32984,33200,0,1,0
1,32985,32985,33201,0,1,0
1,32986,32986,33202,0,1,0
1,32987,32987,33203,0,1,0
1,32988,32988,33204,0,1,0
1,32989,32989,33205,0,1,0
1,32990,32990,33206,0,1,0
1,32991,32991,33207,0,1,0
1,32992,32992,33208,0,1,0
1,32993,32993,33209,0,1,0
1,32994,32994,33210,0,1,0
1,32995,32995,33211,0,1,0
1,32996,32996,33212,0,1,0
1,32997,32997,33213,0,1,0
1,32998,32998,33214,0,1,0
1,32999,32999,33215,0,1,0
1,33000,33000,33216,0,1,0
1,33001,33001,33217,0,1,0
1,33002,33002,33218,0,1,0
1,33003,33003,33219,0,1,0
1,33004,33004,33220,0,1,0
1,33005,33005,33221,0,1,0
1,33006,33006,33222,0,1,0
1,33007,33007,33223,0,1,0
1,33008,33008,33224,0,1,0
1,33009,33009,33225,0,1,0
1,33010,33010,33226,0,1,0
1,33011,33011,33227,0,1,0
1,33012,33012,33228,0,1,0
1,33013,33013,33229,0,1,0
1,33014,33014,33230,0,1,0
1,33015,33015,33231,0,1,0
1,33016,33016,33232,0,1,0
1,33017,33017,33233,0,1,0
1,33018,33018,33234,0,1,0
1,33019,33019,33235,0,1,0
1,33020,33020,33236,0,1,0
1,33021,33021,33237,0,1,0
1,33022,33022,33238,0,1,0
1,33023,33023,33239,0,1,0
1,33024,33024,33240,0,1,0
1,33025,33025,33241,0,1,0
1,33026,33026,33242,0,1,0
1,33027,33027,33243,0,1,0
1,33028,33028,33244,0,1,0
1,33029,33029,33245,0,1,0
1,33030,33030,33246,0,1,0
1,33031,33031,33247,0,1,0
1,33032,33032,33248,0,1,0
1,33033,33033,33249,0,1,0
1,33034,33034,33250,0,1,0
1,33035,33035,33251,0,1,0
1,33036,33036,33252,0,1,0
1,33037,33037,33253,0,1,0
1,33038,33038,33254,0,1,0
1,33039,33039,33255,0,1,0
1,33040,33040,33256,0,1,0
1,33041,33041,33257,0,1,0
1,33042,33042,33258,0,1,0
1,33043,33043,33259,0,1,0
1,33044,33044,33260,0,1,0
1,33045,33045,33261,0,1,0
1,33046,33046,33262,0,1,0
1,33047,33047,33263,0,1,0
1,33048,33048,33264,0,1,0
1,33049,33049,33265,0,1,0
1,33050,33050,33266,0,1,0
1,33051,33051,33267,0,1,0
1,33052,33052,33268,0,1,0
1,33053,33053,33269,0,1,0
1,33054,33054,33270,0,1,0
1,33055,33055,33271,0,1,0
1,33056,33056,33272,0,1,0
1,33057,33057,33273,0,1,0
1,33058,33058,33274,0,1,0
1,33059,33059,33275,0,1,0
1,33060,33060,33276,0,1,0
1,33061,33061,33277,0,1,0
1,33062,33062,33278,0,1,0
1,33063,33063,33279,0,1,0
1,33064,33064,33280,0,1,0
1,33065,33065,33281,0,1,0
1,33066,33066,33282,0,1,0
1,33067,33067,33283,0,1,0
1,33068,33068,33284,0,1,0
1,33069,33069,33285,0,1,0
1,33070,33070,33286,0,1,0
1,33071,33071,33287,0,1,0
1,33072,33072,33288,0,1,0
1,33073,33073,33289,0,1,0
1,33074,33074,33290,0,1,0
1,33075,33075,33291,0,1,0
1,33076,33076,33292,0,1,0
1,33077,33077,33293,0,1,0
1,33078,33078,33294,0,1,0
1,33079,33079,33295,0,1,0
1,33080,33080,33296,0,1,0
1,33081,33081,33297,0,1,0
1,33082,33082,33298,0,1,0
1,33083,33083,33299,0,1,0
1,33084,33084,33300,0,1,0
1,33085,33085,33301,0,1,0
1,33086,33086,33302,0,1,0
1,33087,33087,33303,0,1,0
1,33088,33088,33304,0,1,0
1,33089,33089,33305,0,1,0
1,33090,33090,33306,0,1,0
1,33091,33091,33307,0,1,0
1,33092,33092,33308,0,1,0
1,33093,33093,33309,0,1,0
1,33094,33094,33310,0,1,0
1,33095,33095,33311,0,1,0
1,33096,33096,33312,0,1,0
1,33097,33097,33313,0,1,0
1,33098,33098,33314,0,1,0
1,33099,33099,33315,0,1,0
1,33100,33100,33316,0,1,0
1,33101,33101,33317,0,1,0
1,33102,33102,33318,0,1,0
1,33103,33103,33319,0,1,0
1,33104,33104,33320,0,1,0
1,33105,33105,33321,0,1,0
1,33106,33106,33322,0,1,0
1,33107,33107,33323,0,1,0
1,33108,33108,33324,0,1,0
1,33109,33109,33325,0,1,0
1,33110,33110,33326,0,1,0
1,33111,33111,33327,0,1,0
1,33112,33112,33328,0,1,0
1,33113,33113,33329,0,1,0
1,33114,33114,33330,0,1,0
1,33115,33115,33331,0,1,0
1,33116,33116,33332,0,1,0
1,33117,33117,33333,0,1,0
1,33118,33118,33334,0,1,0
1,33119,33119,33335,0,1,0
1,33120,33120,33336,0,1,0
1,33121,33121,33337,0,1,0
1,33122,33122,33338,0,1,0
1,33123,33123,33339,0,1,0
1,33124,33124,33340,0,1,0
1,33125,33125,33341,0,1,0
1,33126,33126,33342,0,1,0
1,33127,33127,33343,0,1,0
1,33128,33128,33344,0,1,0
1,33129,33129,33345,0,1,0
1,33130,33130,33346,0,1,0
1,33131,33131,33347,0,1,0
1,33132,33132,33348,0,1,0
1,33133,33133,33349,0,1,0
1,33134,33134,33350,0,1,0
1,33135,33135,33351,0,1,0
1,33136,33136,33352,0,1,0
1,33137,33137,33353,0,1,0
1,33138,33138,33354,0,1,0
1,33139,33139,33355,0,1,0
1,33140,33140,33356,0,1,0
1,33141,33141,33357,0,1,0
1,33142,33142,33358,0,1,0
1,33143,33143,33359,0,1,0
1,33144,33144,33360,0,1,0
1,33145,33145,33361,0,1,0
1,33146,33146,33362,0,1,0
1,33147,33147,33363,0,1,0
1,33148,33148,33364,0,1,0
1,33149,33149,33365,0,1,0
1,33150,33150,33366,0,1,0
1,33151,33151,33367,0,1,0
1,33152,33152,33368,0,1,0
1,33153,33153,33369,0,1,0
1,33154,33154,33370,0,1,0
1,33155,33155,33371,0,1,0
1,33156,33156,33372,0,1,0
1,33157,33157,33373,0,1,0
1,33158,33158,33374,0,1,0
1,33159,33159,33375,0,1,0
1,33160,33160,33376,0,1,0
1,33161,33161,33377,0,1,0
1,33162,33162,33378,0,1,0
1,33163,33163,33379,0,1,0
1,33164,33164,33380,0,1,0
1,33165,33165,33381,0,1,0
1,33166,33166,33382,0,1,0
1,33167,33167,33383,0,1,0
1,33168,33168,33384,0,1,0
1,33169,33169,33385,0,1,0
1,33170,33170,33386,0,1,0
1,33171,33171,33387,0,1,0
1,33172,33172,33388,0,1,0
1,33173,33173,33389,0,1,0
1,33174,33174,33390,0,1,0
1,33175,33175,33391,0,1,0
1,33176,33176,33392,0,1,0
1,33177,33177,33393,0,1,0
1,33178,33178,33394,0,1,0
1,33179,33179,33395,0,1,0
1,33180,33180,33396,0,1,0
1,33181,33181,33397,0,1,0
1,33182,33182,33398,0,1,0
1,33183,33183,33399,0,1,0
1,33184,33184,33400,0,1,0
1,33185,33185,33401,0,1,0
1,33186,33186,33402,0,1,0
1,33187,33187,33403,0,1,0
1,33188,33188,33404,0,1,0
1,33189,33189,33405,0,1,0
1,33190,33190,33406,0,1,0
1,33191,33191,33407,0,1,0
1,33192,33192,33408,0,1,0
1,33193,33193,33409,0,1,0
1,33194,33194,33410,0,1,0
1,33195,33195,33411,0,1,0
1,33196,33196,33412,0,1,0
1,33197,33197,33413,0,1,0
1,33198,33198,33414,0,1,0
1,33199,33199,33415,0,1,0
1,33200,33200,33416,0,1,0
1,33201,33201,33417,0,1,0
1,33202,33202,33418,0,1,0
1,33203,33203,33419,0,1,0
1,33204,33204,33420,0,1,0
1,33205,33205,33421,0,1,0
1,33206,33206,33422,0,1,0
1,33207,33207,33423,0,1,0
1,33208,33208,33424,0,1,0
1,33209,33209,33425,0,1,0
1,33210,33210,33426,0,1,0
1,33211,33211,33427,0,1,0
1,33212,33212,33428,0,1,0
1,33213,33213,33429,0,1,0
1,33214,33214,33430,0,1,0
